"GEOID","GeoName","BD009_2018","BD010_2018","BD011_2018","BD012_2018","BD013_2018","BD014_2018","BD016_2018","BD017_2018","BD018_2018","BD019_2018","BD020_2018","BD021_2018","HC001_2018","HC002_2018","HC003_2018","HC004_2018","HC005_2018","HC006_2018","HC007_2018","HC008_2018","HC009_2018","HC010_2018","HC011_2018","HC012_2018","HC013_2018","HC014_2018","HC015_2018","HC016_2018","HC017_2018","HC018_2018","HC019_2018","HC020_2018","HS001","HS002","HS005","HS006","HS003","HS004","HS007","HS008","HS009","HS010","HS011","HS012","HS013","HS014","HS015","HS016","HS017","MH003_2018","MH004_2018","MH011_2000","MH012_2000","MH013_2000","MH011_2013","MH011_2018","MH012_2013","MH012_2018","MH013_2013","MH013_2018","CB001_2017","CB101_2017","CB201_2017","CB002_2017","CB102_2017","CB202_2017","CB003_2017","CB103_2017","CB203_2017","CB004_2017","CB104_2017","CB204_2017","CB005_2017","CB105_2017","CB205_2017","CB006_2017","CB106_2017","CB206_2017","CB007_2017","CB107_2017","CB207_2017","CB008_2017","CB108_2017","CB208_2017","CB009_2017","CB109_2017","CB209_2017","CB010_2017","CB110_2017","CB210_2017","CB011_2017","CB111_2017","CB211_2017","CB012_2017","CB112_2017","CB212_2017","CB013_2017","CB113_2017","CB213_2017","CB014_2017","CB114_2017","CB214_2017","CB015_2017","CB115_2017","CB215_2017","CB016_2017","CB116_2017","CB216_2017","CB017_2017","CB117_2017","CB217_2017","CB018_2017","CB118_2017","CB218_2017","CB019_2017","CB119_2017","CB219_2017","CB020_2017","CB120_2017","CB220_2017","CB021_2017","CB121_2017","CB221_2017","CB022_2017","CB122_2017","CB222_2017","CB023_2017","CB123_2017","CB223_2017","CB024_2017","CB124_2017","CB224_2017","CB025_2017","CB125_2017","CB225_2017","CB026_2017","CB126_2017","CB226_2017","CB027_2017","CB127_2017","CB227_2017","CB028_2017","CB128_2017","CB228_2017","CB029_2017","CB129_2017","CB229_2017","CB030_2017","CB130_2017","CB230_2017","CB031_2017","CB131_2017","CB231_2017","CB032_2017","CB132_2017","CB232_2017","CB033_2017","CB133_2017","CB034_2017","CB134_2017","CB035_2017","CB135_2017","CB036_2017","CB136_2017","CB037_2017","CB137_2017","CB038_2017","CB138_2017","CB039_2017","CB139_2017","CB040_2017","CB140_2017","CB041_2017","CB141_2017","CB042_2017","CB142_2017","CB043_2017","CB143_2017","CB044_2017","CB144_2017","CB045_2017","CB145_2017","CB046_2017","CB146_2017","CB047_2017","CB147_2017","CB048_2017","CB148_2017","UI001_2017","UI101_2017","UI201_2017","UI002_2017","UI102_2017","UI202_2017","UI003_2017","UI103_2017","UI203_2017","UI004_2017","UI104_2017","UI204_2017","UI005_2017","UI105_2017","UI205_2017","UI006_2017","UI106_2017","UI206_2017","UI007_2017","UI107_2017","UI207_2017","UI008_2017","UI108_2017","UI208_2017","UI009_2017","UI109_2017","UI209_2017","UI010_2017","UI110_2017","UI210_2017","UI011_2017","UI111_2017","UI211_2017","UI012_2017","UI112_2017","UI212_2017","UI013_2017","UI113_2017","UI213_2017","UI014_2017","UI114_2017","UI214_2017","UI015_2017","UI115_2017","UI215_2017","UI016_2017","UI116_2017","UI216_2017","UI017_2017","UI117_2017","UI217_2017","UI018_2017","UI118_2017","UI218_2017","UI019_2017","UI119_2017","UI219_2017","UI020_2017","UI120_2017","UI220_2017","UI021_2017","UI121_2017","UI221_2017","UI022_2017","UI122_2017","UI222_2017","UI023_2017","UI123_2017","UI223_2017","UI024_2017","UI124_2017","UI224_2017","UI025_2017","UI125_2017","UI225_2017","UI026_2017","UI126_2017","UI226_2017","UI027_2017","UI127_2017","UI227_2017","UI028_2017","UI128_2017","UI228_2017","UI029_2017","UI129_2017","UI229_2017","UI030_2017","UI130_2017","UI230_2017","UI031_2017","UI131_2017","UI231_2017","UI032_2017","UI132_2017","UI232_2017","UI033_2017","UI133_2017","UI034_2017","UI134_2017","UI035_2017","UI135_2017","UI036_2017","UI136_2017","UI037_2017","UI137_2017","UI038_2017","UI138_2017","UI039_2017","UI139_2017","UI040_2017","UI140_2017","RW101","RW102","RW103","RW104","RW105","RW106","RW107","RW108","RW109","RW110","RW111","RW112","RW113","RW114","AM005","AM006","AM004","AM002","AM105","AM106","AM104","AM102","CB401_2017","CB402_2017","CB403_2017","CB404_2017","CB405_2017","CB406_2017","CB407_2017","CB408_2017","CB409_2017","CB410_2017","HP_LABEL","HP002","HP003","HP004","HP005","HPflag"
"0900104720","Bethel",7,116,708,2722,1863,268,180,445,535,304,123,0,46,507,180,155,195,150,114,9,279,21,48,493,455,61,321,390,411,239,3228,179,0,102,0,0,0,80,0,0,0,25,84,40,0,0,0,75,0,1,-2,1279,2313,771,1412,1325,2696,2435,995,978,40,4.7,100,485,57.5,82.9,169,20,21.7,150,17.8,3.6,0,0,0,30,8.5,5.1,110,31,14.1,215,60.6,5.1,0,0,0,20,5.1,3.4,145,36.7,18.6,230,58.2,5.5,0,0,0,50,1.2,8.5,355,8.9,45.6,3595,89.9,85.8,14,4.5,100,184,58.8,60.7,100,31.9,23.5,15,4.8,2,0,0,0,105,30.4,34.7,160,46.4,37.6,80,23.2,10.4,0,0,0,4,1.9,1.3,95,44.4,22.4,115,53.7,15,0,0,0,10,1.6,3.3,70,11,16.5,559,87.5,72.7,844,15.1,355,6.3,395,7.1,4000,71.5,313,20.7,345,22.8,214,14.2,639,42.3,40,0.7,585,10.5,779,13.9,4190,74.9,14,0.9,303,20.1,425,28.1,769,50.9,184,22,30.5,160,19.1,21.9,224,26.8,15.5,269,32.1,9.5,115,30.7,19.1,69,18.4,9.5,90,24.1,6.2,100,26.7,3.5,40,10,6.6,95,23.8,13,100,25,6.9,165,41.2,5.8,264,6.6,43.8,405,10.1,55.6,1035,25.9,71.4,2295,57.4,81.1,104,33.1,58.1,95,30.3,25.4,75,23.9,13.6,40,12.7,10,10,2.9,5.6,60,17.4,16,185,53.6,33.6,90,26.1,22.5,0,0,0,80,38.1,21.4,95,45.2,17.3,35,16.7,8.8,65,10.3,36.3,139,21.9,37.2,195,30.8,35.5,235,37.1,58.8,603,10.7,729,13,1449,25.8,2829,50.4,179,11.9,374,24.9,550,36.6,400,26.6,377,1355,1009,825,1517,394,322,240,230,325,575,640,220,345,61000,36600,81500,122000,1525,915,2038,3050,654,140,165,405,284,265,99,80,1364,728,"2007, 2008, 2009, 2010, 2011, 2012, 2013, 2014, 2015, 2016, 2017, 2018, 2019","8, 25, 47, 63, 54, 42, 47, 86, 92, 66, 62, 47, 74","0, 0, 0, 2, 0, 0, 0, 0, 0, 2, 0, 0, 6","0, 0, 0, 0, 0, 0, 0, 0, 0, 0, 0, 0, 0","0, 0, 0, 0, 0, 0, 0, 0, 26, 0, 0, 0, 0",""
"0900108070","Bridgeport",147,1340,6897,8573,3278,879,1564,7794,11183,7053,1325,514,1909,13248,5099,3236,3040,1090,2023,117,2145,33,367,3325,3137,1329,1977,1955,2413,1212,6852,251,2354,3903,161,0,0,1679,390,258,721,0,620,405,0,48,194,19,93,-10.1,12.1,978,1846,744,1162,1157,2176,1952,908,915,155,3,100,3090,60.3,75.3,1050,20.5,23.6,830,16.2,6.7,0,0,0,765,20.7,18.6,1375,37.2,30.9,1560,42.2,12.5,0,0,0,170,6.5,4.1,965,36.9,21.7,1480,56.6,11.9,0,0,0,79,0.8,1.9,1065,11,23.9,8580,88.2,68.9,925,7.5,100,7790,63.2,79.8,1775,14.4,26.8,1830,14.9,15.4,0,0,0,1830,30.2,18.7,3005,49.6,45.4,1225,20.2,10.3,0,0,0,104,2.3,1.1,1540,33.4,23.2,2960,64.3,24.9,0,0,0,39,0.6,0.4,305,4.9,4.6,5875,94.5,49.4,5125,24.2,3700,17.5,2615,12.4,9724,45.9,12320,42.2,6060,20.8,4604,15.8,6219,21.3,155,0.7,4104,19.4,4455,21,12450,58.8,925,3.2,9763,33.4,6625,22.7,11890,40.7,2910,56.7,28.6,1435,28,21.1,414,8.1,16.8,375,7.3,22.4,2015,54.5,19.8,1055,28.6,15.5,335,9.1,13.6,289,7.8,17.3,1410,54.1,13.8,850,32.6,12.5,284,10.9,11.5,60,2.3,3.6,3855,39.7,37.8,3475,35.8,51,1430,14.7,58.1,950,9.8,56.8,3865,31.4,74.3,3330,27,41.8,4025,32.7,31.5,1095,8.9,33.4,615,10.1,11.8,1875,30.9,23.6,3035,50.1,23.7,535,8.8,16.3,340,7.4,6.5,1475,32,18.5,2450,53.2,19.2,340,7.4,10.4,380,6.1,7.3,1280,20.5,16.1,3270,52.4,25.6,1305,20.9,39.8,10190,48.2,6815,32.2,2463,11.6,1674,7.9,5200,17.8,7960,27.2,12780,43.7,3275,11.2,1658,1947,3629,4924,10116,1214,3014,1980,1370,2980,3095,6620,2235,2370,51300,30800,78500,102600,1282,770,1962,2565,4140,2140,1135,1144,9565,4835,1644,344,8559,16388,"2007, 2008, 2009, 2010, 2011, 2012, 2013, 2014, 2015, 2016, 2017, 2018, 2019","41, 26, 53, 11, 19, 22, 2, 15, 15, 4, 13, 25, 26","36, 36, 10, 0, 2, 0, 14, 4, 2, 10, 10, 8, 16","25, 3, 6, 0, 0, 0, 0, 3, 0, 0, 0, 3, 3","141, 63, 57, 90, 105, 153, 0, 112, 102, 55, 8, 18, 0",""
"0900108980","Brookfield",0,324,732,1843,1827,399,169,303,356,146,91,0,0,292,97,73,57,10,135,16,348,9,23,533,413,106,207,403,236,331,2770,293,0,42,0,0,0,14,0,26,48,0,0,35,0,0,0,77,0,-11.1,-2.9,1379,2498,739,1502,1594,2732,2552,1065,1005,19,2.8,100,464,68,70.9,145,21.3,15.5,54,7.9,1.6,0,0,0,105,25.3,16.1,175,42.2,18.7,135,32.5,3.9,0,0,0,30,7.2,4.6,250,60.2,26.7,135,32.5,3.9,0,0,0,55,1.6,8.4,365,10.4,39,3100,88.1,90.5,80,24.2,100,95,28.8,76.6,70,21.2,38.9,85,25.8,12.1,0,0,0,29,22.5,23.4,90,69.8,50,10,7.8,1.4,0,0,0,0,0,0,0,0,0,20,100,2.8,0,0,0,0,0,0,20,3.3,11.1,590,96.7,83.7,682,13.6,415,8.2,415,8.2,3520,70,330,30.3,129,11.8,20,1.8,610,56,19,0.4,654,13,935,18.6,3424,68,80,7.3,124,11.4,180,16.5,705,64.7,99,14.5,30.6,185,27,28.9,170,24.9,18.4,230,33.6,7.3,55,13.3,17,70,16.9,10.9,40,9.6,4.3,250,60.2,7.9,40,9.6,12.3,150,36.1,23.4,40,9.6,4.3,185,44.6,5.9,130,3.7,40.1,235,6.7,36.7,675,19.2,73,2480,70.5,78.9,150,44.1,78.9,80,23.5,53.3,15,4.4,6.7,95,27.9,17.9,0,0,0,55,44,36.7,50,40,22.2,20,16,3.8,10,50,5.3,0,0,0,10,50,4.4,0,0,0,30,4.9,15.8,15,2.5,10,150,24.6,66.7,415,68,78.3,324,6.4,640,12.7,925,18.4,3145,62.5,190,17.4,150,13.7,225,20.5,530,48.4,613,716,1283,536,1039,712,422,125,220,290,595,370,145,55,61000,36600,81500,122000,1525,915,2038,3050,609,280,280,420,165,119,0,20,1589,304,"2007, 2008, 2009, 2010, 2011, 2012, 2013, 2014, 2015, 2016, 2017, 2018, 2019","25, 5, 6, 9, 14, 3, 57, 26, 9, 28, 4, 12, 16","0, 0, 0, 0, 0, 0, 0, 0, 0, 0, 0, 0, 0","0, 0, 0, 0, 0, 8, 19, 7, 0, 0, 8, 0, 0","102, 0, 0, 0, 15, 14, 5, 17, 41, 0, 10, 0, 0",""
"0900118500","Danbury",100,474,4841,7088,3932,859,796,3329,5054,2542,596,125,545,3735,1956,1235,970,903,1450,353,2092,52,341,1804,2360,837,1608,1327,1578,822,7423,425,304,740,39,0,97,670,0,0,58,0,481,551,354,19,0,294,0,-8.4,4.7,1193,2171,656,1328,1451,2394,2166,820,801,95,2.6,100,1600,44.4,71.9,1135,31.5,32.7,775,21.5,6.5,0,0,0,525,23.9,23.6,615,28,17.7,1055,48.1,8.9,0,0,0,60,3.1,2.7,740,37.9,21.3,1155,59.1,9.7,0,0,0,39,0.4,1.8,985,9.9,28.3,8920,89.7,74.9,235,6.8,100,2235,64.8,74.7,330,9.6,11.3,650,18.8,11.1,0,0,0,670,27.6,22.4,1375,56.7,47,380,15.7,6.5,0,0,0,85,4.5,2.8,925,49.1,31.6,875,46.4,15,0,0,0,0,0,0,295,7,10.1,3945,93,67.4,3605,20.4,2195,12.4,1955,11,9944,56.2,3450,28.7,2425,20.2,1885,15.7,4240,35.3,95,0.5,2224,12.6,3475,19.6,11905,67.3,235,2,2990,24.9,2925,24.4,5850,48.8,890,24.7,29.3,1099,30.5,31.8,775,21.5,17.7,845,23.4,12.4,495,22.6,16.3,504,23,14.6,515,23.5,11.7,675,30.8,9.9,505,25.8,16.6,310,15.9,9,585,29.9,13.3,555,28.4,8.2,1144,11.5,37.7,1545,15.6,44.7,2515,25.3,57.3,4720,47.6,69.5,1110,32.1,65.1,720,20.8,28.9,1105,31.9,27.6,525,15.2,13.8,230,9.5,13.5,820,33.8,32.9,830,34.2,20.7,545,22.5,14.3,80,4.2,4.7,490,26,19.7,685,36.3,17.1,630,33.4,16.6,285,6.7,16.7,460,10.9,18.5,1390,32.8,34.7,2100,49.6,55.3,3034,17.2,3458,19.6,4390,24.8,6795,38.4,1705,14.2,2490,20.7,4010,33.4,3800,31.7,1301,3956,4584,4307,6068,1270,1440,1530,2130,4205,4220,4520,1855,1210,61000,36600,81500,122000,1525,915,2038,3050,2735,1140,800,1024,2565,2045,1010,295,5699,5915,"2007, 2008, 2009, 2010, 2011, 2012, 2013, 2014, 2015, 2016, 2017, 2018, 2019","236, 61, 74, 119, 103, 104, 88, 201, 69, 57, 120, 80, 90","4, 0, 18, 0, 0, 0, 6, 6, 0, 2, 6, 2, 2","7, 0, 7, 9, 0, 0, 6, 0, 3, 3, 9, 3, 6","43, 28, 160, 0, 0, 292, 210, 110, 479, 20, 20, 41, 8",""
"0900118850","Darien",9,58,192,1267,2546,1776,74,270,213,248,161,44,11,199,71,47,46,108,18,28,341,149,20,339,199,92,120,188,129,237,3819,817,0,10,0,0,0,0,0,0,0,0,0,30,0,0,0,104,0,-1.6,8.8,1868,4513,1137,2159,2801,4316,4001,1080,1501,10,1.6,100,440,69.3,65.3,125,19.7,14,60,9.4,1.4,0,0,0,20,13.9,3,64,44.4,7.2,60,41.7,1.4,0,0,0,80,28.6,11.9,95,33.9,10.6,105,37.5,2.5,0,0,0,134,2.9,19.9,610,13.1,68.2,3915,84,94.6,0,0,NA,200,85.1,74.3,25,10.6,11.7,10,4.3,2,0,0,NA,59,52.7,21.9,35,31.2,16.4,18,16.1,3.6,0,0,NA,0,0,0,0,0,0,50,100,9.9,0,0,NA,10,1.7,3.7,154,26.1,72,425,72.2,84.5,635,11.1,144,2.5,280,4.9,4659,81.5,235,23.8,112,11.4,50,5.1,589,59.7,10,0.2,674,11.8,894,15.6,4140,72.4,0,0,269,27.3,214,21.7,503,51,30,4.7,20.7,0,0,0,20,3.1,66.7,585,92.1,10.6,0,0,0,0,0,0,0,0,0,140,100,2.5,10,3.5,6.9,0,0,0,0,0,0,275,96.5,5,105,2.3,72.4,45,1,100,10,0.2,33.3,4494,96.6,81.8,39,17.1,35.8,4,1.8,9.5,40,17.5,28.6,145,63.6,20.9,20,16.8,18.3,4,3.4,9.5,35,29.4,25,60,50.4,8.6,15,33.3,13.8,20,44.4,47.6,10,22.2,7.1,0,0,0,35,5.9,32.1,14,2.4,33.3,55,9.3,39.3,490,82.5,70.5,145,2.5,45,0.8,30,0.5,5494,96.1,109,11.1,42,4.3,140,14.2,695,70.5,609,118,1384,1422,1387,1215,456,55,65,445,780,565,185,125,71700,43000,95000,143400,1792,1075,2375,3585,565,84,175,744,225,94,0,164,1568,483,"2007, 2008, 2009, 2010, 2011, 2012, 2013, 2014, 2015, 2016, 2017, 2018, 2019","55, 32, 20, 18, 24, 34, 80, 56, 48, 30, 35, 24, 41","0, 0, 0, 0, 0, 0, 0, 0, 0, 0, 0, 0, 0","0, 0, 0, 0, 0, 40, 16, 0, 0, 0, 0, 0, 0","0, 0, 0, 0, 0, 0, 32, 0, 16, 0, 0, 0, 0",""
"0900123890","Easton",0,32,135,796,1274,428,0,13,0,70,57,0,0,9,0,0,0,0,36,9,57,8,0,213,179,62,78,182,61,188,1399,384,0,0,0,0,0,0,0,0,0,0,0,0,0,0,0,15,0,-22,-1.7,2666,3729,1027,2159,2227,4316,3887,1080,1484,25,8.8,100,240,84.2,50,20,7,3.2,0,0,0,0,0,0,100,29.4,20.8,155,45.6,24.6,85,25,5.7,0,0,0,10,41.7,2.1,0,0,0,14,58.3,0.9,0,0,0,130,6.6,27.1,455,23.1,72.2,1385,70.3,93.3,10,25,100,30,75,75,0,0,0,0,0,0,0,0,0,0,0,0,0,0,0,4,100,4,0,0,0,10,100,25,0,0,0,0,0,0,0,0,0,0,0,0,4,4,100,95,96,96,285,10.9,340,13,24,0.9,1970,75.2,40,26.1,4,2.6,10,6.5,99,64.7,25,1,480,18.3,630,24.1,1484,56.7,10,6.5,40,26.1,4,2.6,99,64.7,40,14,57.1,0,0,0,25,8.8,45.5,220,77.2,8.9,10,3,14.3,10,3,40,0,0,0,315,94,12.8,0,0,0,0,0,0,0,0,0,24,100,1,20,1,28.6,15,0.8,60,30,1.5,54.5,1905,96.7,77.3,30,75,88.2,0,0,NA,10,25,18.2,0,0,0,4,100,11.8,0,0,NA,0,0,0,0,0,0,0,0,0,0,0,NA,0,0,0,10,100,16.9,0,0,0,0,0,NA,45,47.9,81.8,49,52.1,83.1,70,2.7,25,1,55,2.1,2464,94.3,34,23,0,0,55,37.2,59,39.9,84,15,20,198,263,70,59,160,55,100,405,60,35,50,51300,30800,78500,102600,1282,770,1962,2565,260,255,10,585,30,0,10,4,1110,44,"2007, 2008, 2009, 2010, 2011, 2012, 2013, 2014, 2015, 2016, 2017, 2018, 2019","5, 5, 4, 2, 2, 3, 8, 5, 5, 6, 7, 8, 1","0, 0, 0, 0, 0, 0, 0, 0, 0, 0, 0, 0, 0","0, 0, 0, 0, 0, 0, 0, 0, 0, 0, 0, 0, 0","0, 0, 0, 0, 0, 0, 0, 0, 0, 0, 0, 0, 0",""
"09001","Fairfield County",819,7682,40277,85969,68625,25797,6885,31120,40715,24067,6480,2055,4987,34139,16819,8801,7921,8713,8309,2550,22608,1399,2025,21906,18987,7032,11898,15209,14664,10827,119497,15915,4402,8933,245,0,683,4935,1424,729,2177,136,2042,2796,1715,92,485,3000,555,-2.3,0.2,1222,2776,865,1405,1470,3020,2771,1080,1116,NA,NA,NA,NA,NA,NA,NA,NA,NA,NA,NA,NA,NA,NA,NA,NA,NA,NA,NA,NA,NA,NA,NA,NA,NA,NA,NA,NA,NA,NA,NA,NA,NA,NA,NA,NA,NA,NA,NA,NA,NA,NA,NA,NA,NA,NA,NA,NA,NA,NA,NA,NA,NA,NA,NA,NA,NA,NA,NA,NA,NA,NA,NA,NA,NA,NA,NA,NA,NA,NA,NA,NA,NA,NA,NA,NA,NA,NA,NA,NA,NA,NA,NA,NA,NA,NA,NA,NA,NA,NA,NA,NA,NA,NA,NA,NA,NA,NA,NA,NA,NA,NA,NA,NA,NA,NA,NA,NA,NA,NA,NA,NA,NA,NA,NA,NA,NA,NA,NA,NA,NA,NA,NA,NA,NA,NA,NA,NA,NA,NA,NA,NA,NA,NA,NA,NA,NA,NA,NA,NA,NA,NA,NA,NA,NA,NA,NA,NA,NA,NA,NA,NA,NA,NA,NA,NA,NA,NA,NA,NA,NA,NA,NA,NA,NA,NA,NA,NA,NA,NA,NA,NA,NA,NA,NA,NA,NA,NA,NA,NA,NA,NA,NA,NA,NA,NA,NA,NA,NA,NA,NA,NA,NA,NA,NA,NA,NA,NA,NA,NA,NA,NA,NA,NA,NA,NA,NA,NA,NA,NA,NA,NA,NA,NA,NA,NA,NA,NA,NA,NA,NA,NA,NA,NA,NA,NA,NA,NA,NA,NA,NA,NA,NA,NA,NA,NA,NA,NA,NA,NA,NA,NA,NA,NA,NA,NA,NA,NA,NA,NA,NA,NA,NA,NA,NA,NA,NA,NA,NA,NA,NA,NA,NA,NA,NA,NA,NA,NA,NA,NA,NA,NA,"2007, 2008, 2009, 2010, 2011, 2012, 2013, 2014, 2015, 2016, 2017, 2018, 2019","1438, 713, 476, 546, 583, 634, 870, 987, 800, 712, 765, 753, 635","86, 40, 34, 28, 16, 10, 30, 38, 20, 44, 44, 30, 40","39, 10, 25, 45, 18, 54, 54, 62, 11, 19, 35, 27, 20","727, 1051, 664, 307, 320, 1440, 1547, 802, 1767, 1128, 875, 287, 1631",""
"0900126620","Fairfield",12,241,2436,6844,5866,1799,101,480,1288,968,485,75,38,664,451,266,126,502,176,71,1146,49,102,1447,1006,371,649,1094,781,751,10057,1322,0,177,10,0,0,172,70,0,50,0,77,157,0,0,0,126,0,10.5,6.2,1563,3099,900,1650,1908,3558,3329,1080,1298,78,4.2,100,1265,68.7,55.1,299,16.2,11.3,200,10.9,1.7,0,0,0,440,33.2,19.2,450,34,17,435,32.8,3.7,0,0,0,234,21.8,10.2,460,42.8,17.4,380,35.4,3.2,0,0,0,355,2.8,15.5,1435,11.4,54.3,10845,85.8,91.4,45,6.2,100,490,67.9,52.7,39,5.4,5.5,148,20.5,8.2,0,0,0,270,70.1,29,70,18.2,9.8,45,11.7,2.5,0,0,0,120,23.6,12.9,305,59.9,42.8,84,16.5,4.6,0,0,0,50,2.7,5.4,299,15.9,41.9,1534,81.5,84.7,1842,10.9,1325,7.9,1074,6.4,12635,74.9,722,20.6,385,11,509,14.5,1883,53.8,78,0.5,2294,13.6,2644,15.7,11860,70.3,45,1.3,930,26.6,713,20.4,1811,51.8,80,4.3,16.8,95,5.1,22.4,175,9.5,16.4,1495,81,10,65,4.9,13.7,40,3,9.4,185,14,17.3,1030,78,6.9,50,4.7,10.5,60,5.6,14.1,95,8.8,8.9,869,80.9,5.8,280,2.2,58.9,230,1.8,54.1,614,4.9,57.4,11499,91.1,77.2,200,27.4,58,70,9.6,30.6,215,29.5,22.4,245,33.6,12.4,30,7.9,8.7,35,9.2,15.3,200,52.8,20.8,114,30.1,5.8,25,5,7.2,55,10.9,24,160,31.7,16.7,265,52.5,13.5,90,4.8,26.1,69,3.7,30.1,385,20.4,40.1,1344,71.2,68.3,475,2.8,425,2.5,1069,6.3,14893,88.3,345,9.9,229,6.5,960,27.4,1968,56.2,1127,1065,2883,4197,6671,1998,1350,350,460,1090,2960,2250,895,640,51300,30800,78500,102600,1282,770,1962,2565,1564,890,694,1790,529,340,425,349,4938,1643,"2007, 2008, 2009, 2010, 2011, 2012, 2013, 2014, 2015, 2016, 2017, 2018, 2019","95, 58, 30, 31, 44, 50, 98, 103, 81, 70, 66, 60, 38","0, 0, 0, 6, 4, 0, 2, 8, 4, 16, 10, 14, 8","0, 0, 0, 0, 0, 0, 0, 0, 0, 7, 6, 3, 4","0, 0, 0, 0, 0, 0, 54, 0, 13, 165, 29, 0, 182",""
"0900133620","Greenwich",44,392,1670,3732,4340,4423,319,1923,2457,1761,760,430,314,1602,879,312,251,561,362,321,2731,279,106,1069,913,267,324,528,549,511,9093,1530,327,375,0,0,0,93,40,10,18,0,128,162,324,0,0,32,0,-1.2,-19.4,1928,4878,1191,1933,1906,4316,4001,1080,1501,125,5.2,100,1495,61.9,65,365,15.1,19.3,429,17.8,4.1,0,0,0,140,30.1,6.1,155,33.3,8.2,170,36.6,1.6,0,0,0,180,24.7,7.8,135,18.5,7.1,415,56.8,3.9,0,0,0,485,4.3,21.1,1235,11,65.3,9540,84.7,90.4,139,6.7,100,1190,57.2,69.1,310,14.9,21.4,440,21.2,10.7,0,0,0,445,38.5,25.8,355,30.7,24.5,355,30.7,8.6,0,0,0,34,7,2,255,52.7,17.6,195,40.3,4.7,0,0,0,54,1.5,3.1,530,14.3,36.6,3120,84.2,75.9,2414,16.2,465,3.1,730,4.9,11260,75.7,2079,28,1155,15.6,484,6.5,3704,49.9,125,0.8,2300,15.5,1890,12.7,10554,71,139,1.9,1723,23.2,1450,19.5,4110,55.4,189,7.8,31.9,50,2.1,30.3,100,4.1,33.3,2075,86,15,40,8.5,6.8,0,0,0,15,3.2,5,418,88.4,3,50,6.8,8.4,0,0,0,15,2,5,670,91.2,4.8,313,2.8,52.9,115,1,69.7,170,1.5,56.7,10675,94.7,77.1,705,33.9,54.1,515,24.8,37.7,295,14.2,27.4,565,27.2,15.3,290,25,22.2,210,18.1,15.4,225,19.4,20.9,435,37.5,11.8,34,7.1,2.6,155,32.4,11.4,45,9.4,4.2,245,51.1,6.6,275,7.4,21.1,485,13.1,35.5,510,13.7,47.4,2440,65.8,66.2,592,4,165,1.1,300,2,13838,92.9,1304,17.6,1365,18.4,1075,14.5,3685,49.6,1215,389,1882,5075,3885,1713,1491,635,275,1475,3730,2200,915,1080,71700,43000,95000,143400,1792,1075,2375,3585,1860,295,315,1720,1500,800,289,584,4190,3173,"2007, 2008, 2009, 2010, 2011, 2012, 2013, 2014, 2015, 2016, 2017, 2018, 2019","191, 123, 94, 64, 59, 62, 110, 115, 138, 128, 151, 136, 114","0, 0, 0, 0, 0, 0, 0, 0, 0, 0, 0, 0, 0","0, 0, 0, 0, 0, 0, 0, 0, 0, 0, 0, 0, 0","0, 17, 0, 0, 0, 0, 0, 0, 0, 0, 99, 23, 45",""
"0900148620","Monroe",0,216,685,2582,2330,329,29,180,221,60,71,0,17,148,155,54,0,54,0,0,109,20,60,736,352,58,306,149,341,352,3318,581,0,1,0,0,0,0,0,0,0,0,0,27,0,0,0,8,0,-7.2,-5.5,1366,2685,825,2010,1341,3039,2705,1062,1072,4,0.4,100,770,75.2,81.9,205,20,17.3,45,4.4,1.1,0,0,0,125,35.2,13.3,85,23.9,7.2,145,40.8,3.6,0,0,0,45,9.2,4.8,155,31.6,13.1,290,59.2,7.1,0,0,0,0,0,0,740,17.1,62.4,3580,82.9,88.2,15,7.3,100,105,51.2,55.3,70,34.1,38.9,15,7.3,5.3,0,0,0,60,57.1,31.6,35,33.3,19.4,10,9.5,3.5,0,0,0,25,45.5,13.2,0,0,0,30,54.5,10.5,0,0,0,0,0,0,75,24.6,41.7,230,75.4,80.7,1024,16.5,355,5.7,490,7.9,4320,69.8,205,30.6,105,15.7,55,8.2,305,45.5,4,0.1,940,15.2,1185,19.1,4060,65.6,15,2.2,190,28.4,180,26.9,285,42.5,60,5.8,24.5,280,27.2,29.5,200,19.4,16.4,490,47.6,13,20,5.6,8.2,90,25.4,9.5,85,23.9,7,160,45.1,4.2,25,5.2,10.2,65,13.6,6.8,129,26.9,10.6,260,54.3,6.9,140,3.2,57.1,515,11.9,54.2,805,18.7,66,2855,66.2,75.8,80,40,47.1,80,40,80,0,0,0,40,20,14.5,10,9.5,5.9,20,19,20,0,0,0,75,71.4,27.3,30,54.5,17.6,0,0,0,0,0,0,25,45.5,9.1,50,16.4,29.4,0,0,0,120,39.3,100,135,44.3,49.1,245,4,950,15.4,1219,19.7,3765,60.9,170,25.6,100,15,120,18,275,41.4,468,433,825,543,685,525,425,150,145,455,625,465,225,125,51300,30800,78500,102600,1282,770,1962,2565,975,210,200,740,175,95,25,75,2125,370,"2007, 2008, 2009, 2010, 2011, 2012, 2013, 2014, 2015, 2016, 2017, 2018, 2019","20, 16, 3, 6, 7, 4, 16, 3, 5, 10, 17, 8, 9","0, 0, 0, 0, 0, 0, 0, 0, 0, 0, 0, 0, 0","0, 0, 0, 0, 0, 0, 0, 0, 0, 0, 0, 0, 0","0, 0, 0, 0, 0, 0, 0, 0, 0, 0, 0, 0, 0",""
"0900150580","New Canaan",9,108,267,990,2125,2053,30,365,744,259,70,64,113,261,243,77,40,115,82,88,443,51,17,278,65,26,78,337,80,108,3734,855,0,17,0,0,0,124,41,11,0,0,60,0,0,0,0,21,1,-6.9,-33.9,2011,5252,5836,1930,2081,4316,4001,1080,1501,30,5.5,100,374,68.1,47.8,85,15.5,9.5,60,10.9,1.6,0,0,0,34,42,4.3,18,22.2,2,29,35.8,0.8,0,0,0,100,37.7,12.8,115,43.4,12.9,50,18.9,1.3,0,0,0,275,6,35.1,675,14.8,75.6,3600,79.1,96.3,4,1.1,100,195,51.5,50.6,35,9.2,11.7,145,38.3,16,0,0,0,160,42.7,41.6,185,49.3,61.7,30,8,3.3,0,0,0,15,33.3,3.9,30,66.7,10,0,0,0,0,0,0,15,1.9,3.9,50,6.3,16.7,730,91.8,80.7,549,10.1,81,1.5,265,4.9,4550,83.6,379,23.8,375,23.5,45,2.8,795,49.9,30,0.6,783,14.4,893,16.4,3739,68.7,4,0.3,385,24.2,300,18.8,905,56.8,30,5.5,14,0,0,0,0,0,0,515,94.5,10,4,4.5,1.9,0,0,0,0,0,0,85,95.5,1.6,25,9.4,11.7,0,0,0,15,5.7,23.1,225,84.9,4.4,155,3.4,72.4,10,0.2,100,50,1.1,76.9,4335,95.3,84,189,49.2,54.9,15,3.9,13.2,45,11.7,15,135,35.2,16.1,30,8,8.7,50,13.3,43.9,140,37.3,46.7,155,41.3,18.5,0,0,0,0,0,0,0,0,0,45,100,5.4,125,15.7,36.3,49,6.2,43,115,14.5,38.3,505,63.6,60.1,214,3.9,10,0.2,65,1.2,5160,94.7,344,21.5,114,7.1,300,18.8,840,52.6,718,157,679,1118,1923,604,583,170,70,320,1220,445,250,185,71700,43000,95000,143400,1792,1075,2375,3585,459,52,215,950,230,345,45,65,1676,685,"2007, 2008, 2009, 2010, 2011, 2012, 2013, 2014, 2015, 2016, 2017, 2018, 2019","51, 26, 12, 17, 25, 28, 51, 49, 41, 26, 25, 21, 9","0, 0, 0, 0, 0, 0, 0, 0, 0, 0, 0, 2, 2","0, 0, 0, 0, 0, 0, 0, 0, 0, 0, 0, 0, 0","0, 0, 0, 0, 0, 0, 0, 0, 0, 0, 0, 0, 0",""
"0900150860","New Fairfield",0,96,624,2291,1404,312,0,33,76,85,55,43,0,63,34,0,44,41,25,0,46,29,89,355,379,119,278,302,357,210,2590,245,0,2,0,0,0,0,0,0,0,0,0,0,0,0,0,17,0,-13,1.8,1464,2445,691,1935,2151,2646,2364,927,974,20,3.7,100,250,46,63.6,195,35.8,24.1,79,14.5,2.4,0,0,0,105,25.3,26.7,165,39.8,20.4,145,34.9,4.3,0,0,0,24,7.5,6.1,80,25.2,9.9,214,67.3,6.4,0,0,0,14,0.4,3.6,370,11.2,45.7,2910,88.3,86.9,0,0,NA,45,100,60,0,0,0,0,0,0,0,0,NA,20,66.7,26.7,10,33.3,14.3,0,0,0,0,0,NA,0,0,0,0,0,0,50,100,34.7,0,0,NA,10,6.1,13.3,60,36.6,85.7,94,57.3,65.3,544,11.9,415,9.1,318,7,3294,72.1,45,15.6,30,10.4,50,17.3,164,56.7,20,0.4,393,8.6,810,17.7,3348,73.2,0,0,75,26,70,24.2,144,49.8,105,19.1,26.2,100,18.2,23.5,160,29.1,15,185,33.6,6.9,60,14.6,15,20,4.9,4.7,150,36.6,14.1,180,43.9,6.7,20,6.2,5,90,27.7,21.2,85,26.2,8,130,40,4.8,215,6.5,53.8,215,6.5,50.6,670,20.3,62.9,2200,66.7,81.6,0,0,0,0,0,0,15,33.3,25,30,66.7,16.7,0,0,0,10,33.3,28.6,10,33.3,16.7,10,33.3,5.6,0,0,0,15,30,42.9,35,70,58.3,0,0,0,15,9.1,100,10,6.1,28.6,0,0,0,140,84.8,77.8,400,8.7,425,9.3,1065,23.2,2695,58.8,15,5.2,35,12.1,60,20.7,180,62.1,563,64,204,254,239,88,239,120,80,185,420,185,65,130,61000,36600,81500,122000,1525,915,2038,3050,445,270,104,384,45,30,0,70,1203,145,"2007, 2008, 2009, 2010, 2011, 2012, 2013, 2014, 2015, 2016, 2017, 2018, 2019","10, 7, 9, 9, 6, 7, 6, 5, 12, 10, 6, 8, 6","0, 0, 0, 0, 0, 0, 0, 0, 0, 0, 0, 0, 0","3, 0, 0, 0, 0, 0, 0, 0, 0, 0, 0, 0, 0","0, 0, 0, 0, 0, 0, 0, 0, 0, 0, 0, 0, 0",""
"0900152980","Newtown",11,112,951,2833,4067,675,83,414,328,214,122,30,70,315,328,172,99,59,19,30,235,32,58,660,619,241,495,389,450,419,5099,538,0,14,0,0,0,0,0,6,0,90,0,134,0,0,0,26,0,-5.7,-5,1072,2747,785,1326,1379,3181,2839,1068,1079,14,1.4,100,535,54.6,69.5,295,30.1,18.8,135,13.8,2.2,0,0,0,140,24.8,18.2,235,41.6,15,190,33.6,3.2,0,0,0,20,3,2.6,225,33.3,14.4,430,63.7,7.1,0,0,0,75,1.2,9.7,810,13.2,51.8,5265,85.6,87.5,10,3.5,100,205,71.9,62.3,25,8.8,7.8,45,15.8,6.5,0,0,0,109,45.8,33.1,34,14.3,10.6,95,39.9,13.7,0,0,0,15,5.6,4.6,130,48.1,40.4,125,46.3,18,0,0,0,0,0,0,133,23.6,41.3,430,76.4,61.9,979,11.7,565,6.8,675,8.1,6150,73.5,285,21,238,17.6,270,19.9,563,41.5,14,0.2,770,9.2,1565,18.7,6020,71.9,10,0.7,329,24.3,322,23.7,695,51.3,114,11.6,26.9,180,18.4,23.2,190,19.4,13.6,495,50.6,8.6,90,15.9,21.2,55,9.7,7.1,145,25.7,10.4,275,48.7,4.8,100,14.7,23.6,100,14.7,12.9,195,28.7,14,285,41.9,4.9,120,1.9,28.3,440,7.1,56.8,864,14,62,4734,76.9,81.8,80,26.8,44.4,90,30.1,24.3,54,18.1,19,75,25.1,13.6,40,17,22.2,90,38.3,24.3,65,27.7,22.9,40,17,7.3,20,7.1,11.1,95,33.9,25.7,45,16.1,15.8,120,42.9,21.8,40,7,22.2,95,16.7,25.7,120,21.1,42.3,315,55.3,57.3,424,5.1,775,9.2,1394,16.6,5789,69.1,180,13,370,26.7,284,20.5,550,39.7,343,508,817,1203,1172,426,761,300,220,560,1090,780,375,235,61000,36600,81500,122000,1525,915,2038,3050,830,375,245,885,230,143,145,133,2335,651,"2007, 2008, 2009, 2010, 2011, 2012, 2013, 2014, 2015, 2016, 2017, 2018, 2019","34, 20, 9, 14, 22, 12, 18, 19, 29, 22, 20, 28, 29","0, 0, 0, 0, 0, 0, 0, 0, 0, 0, 0, 0, 0","0, 0, 0, 0, 0, 0, 0, 0, 0, 0, 0, 0, 0","0, 0, 0, 0, 0, 0, 0, 0, 0, 20, 30, 48, 30",""
"0900156060","Norwalk",145,977,4831,7882,4847,1331,883,3828,5646,2966,489,98,746,3501,2049,964,959,1427,911,512,3258,113,137,1929,1807,824,1261,1604,1484,1124,9282,1466,757,1205,0,0,306,569,215,0,176,0,136,30,363,25,0,508,111,-5.5,6.7,1276,2638,825,1419,1597,2934,2711,1057,1039,84,2,100,2515,59.1,79.2,975,22.9,25.8,685,16.1,5.3,0,0,0,300,20.2,9.4,314,21.2,8.3,870,58.6,6.8,0,0,0,180,9.9,5.7,560,30.9,14.8,1075,59.2,8.4,0,0,0,180,1.5,5.7,1935,15.7,51.1,10220,82.9,79.5,94,1.9,100,2890,59,79.3,745,15.2,24.2,1170,23.9,17.5,0,0,0,620,25.1,17,1374,55.6,44.6,479,19.4,7.2,0,0,0,100,10.3,2.7,375,38.7,12.2,495,51,7.4,0,0,0,33,0.6,0.9,590,11.4,19.1,4535,87.9,67.9,4259,21.4,1484,7.5,1815,9.1,12335,62,4899,36.3,2473,18.3,970,7.2,5158,38.2,84,0.4,3175,16,3784,19,12850,64.6,94,0.7,3643,27,3084,22.8,6679,49.5,710,16.7,33.1,340,8,28.2,995,23.4,25.3,2209,51.9,17.5,399,27,18.6,33,2.2,2.7,349,23.6,8.9,695,47.1,5.5,219,12.1,10.2,194,10.8,16.1,450,25,11.5,940,52.1,7.5,815,6.6,38,640,5.2,53,2135,17.3,54.3,8750,70.9,69.5,1999,40.8,76.5,1680,34.3,43.1,685,14,25.8,540,11,12.5,305,12.3,11.7,910,36.8,23.4,650,26.3,24.5,605,24.5,14,50,5.2,1.9,315,32.5,8.1,290,29.9,10.9,315,32.5,7.3,260,5.1,9.9,990,19.3,25.4,1025,19.9,38.7,2865,55.7,66.2,2143,10.8,1207,6.1,3929,19.8,12594,63.4,2614,19.4,3895,28.9,2650,19.7,4325,32.1,1928,1737,4843,8962,5366,1691,1840,2050,945,4095,5400,3355,1770,1640,71700,43000,95000,143400,1792,1075,2375,3585,3490,614,740,2115,3635,1994,475,623,6959,6727,"2007, 2008, 2009, 2010, 2011, 2012, 2013, 2014, 2015, 2016, 2017, 2018, 2019","51, 24, 11, 17, 18, 47, 15, 35, 25, 21, 32, 18, 18","14, 2, 2, 6, 8, 0, 0, 10, 6, 8, 4, 0, 0","4, 0, 4, 11, 10, 0, 7, 0, 0, 9, 6, 0, 0","26, 179, 431, 6, 31, 183, 165, 191, 319, 161, 387, 11, 176",""
"0900163480","Redding",0,29,216,909,1179,386,8,153,290,157,64,49,0,196,16,0,53,93,41,28,213,9,0,196,200,69,123,195,142,43,1466,328,0,2,0,0,0,0,0,0,0,0,0,0,0,0,0,0,0,-15.7,-12.7,2005,3449,978,1455,1582,4074,3400,1080,1316,59,16.9,100,215,61.6,49.4,45,12.9,9.3,30,8.6,1.6,0,0,0,125,64.4,28.7,30,15.5,6.2,39,20.1,2.1,0,0,0,40,19.5,9.2,85,41.5,17.5,80,39,4.3,0,0,0,55,2.6,12.6,325,15.4,67,1725,81.9,92,0,0,NA,135,100,77.1,0,0,0,0,0,0,0,0,NA,0,0,0,35,63.6,35,20,36.4,5.6,0,0,NA,30,60,17.1,0,0,0,20,40,5.6,0,0,NA,10,2.6,5.7,65,16.7,65,315,80.8,88.7,349,12.2,194,6.8,205,7.2,2105,73.8,135,21.4,55,8.7,50,7.9,390,61.9,59,2.1,435,15.2,485,17,1874,65.7,0,0,175,27.8,100,15.9,355,56.3,10,2.9,18.5,30,8.6,60,25,7.1,24,285,81.4,10.8,10,5.1,18.5,0,0,0,0,0,0,185,94.9,7,10,4.8,18.5,0,0,0,20,9.5,19.2,180,85.7,6.8,24,1.1,44.4,20,1,40,59,2.8,56.7,1999,95.1,75.5,0,0,0,35,25.9,32.1,25,18.5,18.5,75,55.6,29.4,20,36.4,16,10,18.2,9.2,25,45.5,18.5,0,0,0,0,0,0,20,40,18.3,0,0,0,30,60,11.8,105,27.3,84,44,11.5,40.4,85,22.1,63,150,39.1,58.8,54,1.9,50,1.8,104,3.6,2649,92.7,125,20,109,17.5,135,21.6,255,40.9,124,28,60,211,526,179,188,105,40,75,450,200,115,100,61000,36600,81500,122000,1525,915,2038,3050,260,155,125,380,135,35,30,75,920,275,"2007, 2008, 2009, 2010, 2011, 2012, 2013, 2014, 2015, 2016, 2017, 2018, 2019","3, 6, 3, 3, 1, 4, 2, 6, 5, 5, 1, 4, 2","0, 0, 0, 0, 0, 0, 0, 0, 0, 0, 0, 0, 0","0, 0, 0, 0, 0, 0, 0, 0, 0, 0, 0, 0, 0","0, 0, 0, 0, 0, 0, 0, 0, 0, 0, 0, 0, 0",""
"0900163970","Ridgefield",0,151,847,1988,3331,1277,125,476,390,189,180,29,37,229,128,80,89,167,110,81,464,24,29,447,424,131,138,418,277,357,4901,592,0,10,0,0,0,5,0,20,0,21,68,75,68,0,0,50,7,1.3,-6.5,1648,3527,927,1749,1639,4055,3472,1080,1440,70,9.3,100,575,76.2,65.7,60,7.9,5.3,50,6.6,0.9,0,0,0,135,36.5,15.4,130,35.1,11.5,105,28.4,1.9,0,0,0,55,22,6.3,135,54,11.9,60,24,1.1,0,0,0,110,1.8,12.6,810,12.9,71.4,5365,85.4,96.1,0,0,NA,180,63.2,72.3,35,12.3,9,70,24.6,8.7,0,0,NA,54,49.5,21.7,55,50.5,14.1,0,0,0,0,0,NA,0,0,0,140,90.3,35.9,15,9.7,1.9,0,0,NA,15,1.7,6,160,17.9,41,720,80.4,89.4,755,9.9,370,4.8,250,3.3,6285,82,285,19.7,109,7.5,155,10.7,895,62,70,0.9,875,11.4,1135,14.8,5580,72.8,0,0,249,17.2,390,27,805,55.7,40,5.4,18.7,34,4.6,21.4,50,6.7,16.2,620,83.3,8.9,45,12.4,21,10,2.7,6.3,14,3.8,4.5,295,81,4.2,14,5.5,6.5,10,3.9,6.3,50,19.7,16.2,180,70.9,2.6,115,1.8,53.7,105,1.7,66,195,3.1,63.1,5865,93.4,84.3,100,35.7,42.6,85,30.4,44.7,40,14.3,14.3,55,19.6,7.5,0,0,0,45,41.3,23.7,4,3.7,1.4,60,55,8.2,0,0,0,0,0,0,60,38.7,21.5,95,61.3,12.9,135,15.1,57.4,60,6.7,31.6,175,19.6,62.7,525,58.7,71.4,214,2.8,159,2.1,309,4,6960,91.1,235,16.3,190,13.2,279,19.4,735,51.1,485,1737,934,1243,1472,704,520,235,235,465,1405,890,435,400,61000,36600,81500,122000,1525,915,2038,3050,635,265,190,920,215,109,140,175,2010,639,"2007, 2008, 2009, 2010, 2011, 2012, 2013, 2014, 2015, 2016, 2017, 2018, 2019","57, 38, 15, 18, 12, 11, 21, 22, 16, 9, 11, 9, 8","0, 0, 0, 0, 0, 0, 0, 0, 0, 0, 0, 0, 0","0, 7, 0, 0, 0, 0, 0, 0, 0, 0, 0, 0, 0","50, 26, 0, 0, 0, 24, 0, 20, 10, 43, 23, 0, 30",""
"0900168170","Shelton",139,193,2641,6305,3499,485,176,904,1277,583,140,9,191,716,408,236,211,176,348,54,724,9,204,1458,1207,475,1138,794,1330,519,6415,412,0,95,35,0,0,127,0,35,77,0,0,156,0,0,0,82,0,-3.7,-3.2,1152,2202,700,1217,1422,2541,2157,954,839,70,3.3,100,940,44.4,73.7,790,37.4,31.5,315,14.9,3.5,0,0,0,160,13.2,12.5,375,31,14.9,675,55.8,7.5,0,0,0,90,6.4,7.1,440,31.2,17.5,880,62.4,9.8,0,0,0,85,1,6.7,905,11.1,36.1,7145,87.8,79.3,135,15.3,100,385,43.5,65.8,95,10.7,17.8,270,30.5,14.6,0,0,0,160,33.7,27.4,230,48.4,43,85,17.9,4.6,0,0,0,40,9.2,6.8,135,31,25.2,260,59.8,14.1,0,0,0,0,0,0,75,5.8,14,1229,94.2,66.6,2115,16.4,1210,9.4,1410,11,8135,63.2,885,28.6,475,15.3,435,14,1304,42.1,70,0.5,1275,9.9,2510,19.5,9015,70,135,4.4,585,18.9,535,17.3,1844,59.5,290,13.6,34.5,350,16.5,18.2,495,23.3,16.9,990,46.6,13.8,105,8.7,12.5,265,21.9,13.8,325,26.9,11.1,515,42.6,7.2,55,3.9,6.5,340,24.2,17.7,335,23.8,11.5,675,48,9.4,390,4.8,46.4,970,11.9,50.4,1770,21.8,60.5,5000,61.5,69.6,410,46.3,71.3,100,11.3,16.4,210,23.7,22.2,165,18.6,17.2,75,15.6,13,190,39.6,31.1,110,22.9,11.6,105,21.9,10.9,45,10.7,7.8,125,29.8,20.5,155,36.9,16.4,95,22.6,9.9,45,3.4,7.8,195,14.9,32,470,36,49.7,595,45.6,62,840,6.5,1925,15,2925,22.7,7180,55.8,575,18.6,610,19.7,945,30.6,960,31.1,709,4166,2457,6348,2800,1073,675,360,480,955,1205,1410,685,365,51300,30800,78500,102600,1282,770,1962,2565,1730,535,530,990,480,390,175,75,3785,1120,"2007, 2008, 2009, 2010, 2011, 2012, 2013, 2014, 2015, 2016, 2017, 2018, 2019","81, 22, 17, 25, 35, 49, 37, 33, 39, 46, 58, 60, 40","12, 0, 0, 0, 0, 0, 0, 0, 0, 0, 4, 2, 2","0, 0, 0, 0, 0, 0, 0, 0, 0, 0, 3, 0, 0","0, 89, 0, 6, 0, 250, 92, 14, 152, 0, 0, 0, 0",""
"0900168310","Sherman",0,19,208,482,453,124,0,38,85,16,42,10,0,0,37,26,17,9,9,0,77,0,9,123,153,50,56,97,112,20,636,108,0,2,0,0,0,0,0,0,0,0,0,0,0,0,0,0,0,2.1,6.4,1514,2345,666,2159,2151,2859,2553,1003,1007,0,0,NA,85,57,75.2,49,32.9,16,15,10.1,1.7,0,0,NA,24,18.8,21.2,44,34.4,14.3,60,46.9,6.8,0,0,NA,0,0,0,70,64.2,22.8,39,35.8,4.4,0,0,NA,4,0.4,3.5,144,15.8,46.9,765,83.8,87,0,0,NA,0,0,NA,0,0,0,10,100,10,0,NA,NA,0,NA,NA,0,NA,0,0,NA,0,0,NA,NA,0,NA,NA,0,NA,0,0,NA,0,0,0,NA,0,0,NA,10,10,100,90,90,90,149,11.5,128,9.9,109,8.4,913,70.3,10,9.1,0,0,0,0,100,90.9,0,0,113,8.7,307,23.6,879,67.7,0,0,0,0,10,9.1,100,90.9,10,6.9,22.2,10,6.9,12.7,10,6.9,8,115,79.3,11.1,10,8.1,22.2,4,3.2,5.1,20,16.1,16,90,72.6,8.7,0,0,0,15,14.3,19,20,19,16,70,66.7,6.8,25,2.7,55.6,50,5.5,63.3,75,8.2,60,760,83.5,73.4,10,100,33.3,0,0,NA,0,0,0,0,0,0,0,NA,0,0,NA,NA,0,NA,0,0,NA,0,0,NA,0,0,NA,NA,0,NA,0,0,NA,0,20,20,66.7,0,0,NA,25,25,100,55,55,100,45,3.5,79,6.2,125,9.7,1035,80.6,30,27.3,0,0,25,22.7,55,50,44,NA,40,19,125,88,44,85,NA,40,115,60,NA,25,61000,36600,81500,122000,1525,915,2038,3050,134,68,70,148,0,0,0,10,420,10,"2007, 2008, 2009, 2010, 2011, 2012, 2013, 2014, 2015, 2016, 2017, 2018, 2019","8, 4, 4, 4, 5, 9, 2, 3, 5, 2, 5, 4, 3","0, 0, 0, 0, 0, 0, 0, 0, 0, 0, 0, 0, 0","0, 0, 0, 0, 0, 0, 0, 0, 0, 0, 0, 0, 0","0, 0, 0, 0, 0, 0, 0, 0, 0, 0, 0, 0, 0",""
"0900173070","Stamford",154,1637,5974,9335,6558,2573,1933,7670,8016,4606,892,162,772,5713,3512,1226,1190,2743,1836,677,6136,346,185,2611,1793,686,906,1880,1369,1455,13995,2010,359,1796,0,0,274,1260,533,294,884,0,166,609,374,0,291,1240,257,1.1,2.3,1468,3212,994,1662,1761,3096,2979,1080,1221,120,2,100,3765,64.3,78.7,1320,22.5,28.2,650,11.1,3.9,0,0,0,275,21.7,5.7,575,45.3,12.3,420,33.1,2.5,0,0,0,440,20.5,9.2,640,29.8,13.7,1070,49.8,6.4,0,0,0,304,1.8,6.4,2150,12.5,45.9,14690,85.7,87.3,385,6.1,100,3830,60.6,69.8,1055,16.7,20.3,1055,16.7,9.4,0,0,0,1300,27.1,23.7,2295,47.9,44.1,1195,24.9,10.7,0,0,0,179,9.8,3.3,795,43.6,15.3,850,46.6,7.6,0,0,0,175,1.9,3.2,1060,11.4,20.4,8065,86.7,72.2,5855,22.2,1270,4.8,2150,8.1,17144,64.9,6325,28.4,4790,21.5,1824,8.2,9300,41.8,120,0.5,4784,18.1,4685,17.7,16830,63.7,385,1.7,5484,24.7,5205,23.4,11165,50.2,815,13.9,35.9,385,6.6,32.6,890,15.2,29.2,3755,64.2,18.9,250,19.8,11,65,5.1,5.5,164,13,5.4,785,62.1,3.9,265,12.4,11.7,135,6.3,11.4,410,19.1,13.4,1335,62.2,6.7,940,5.5,41.4,595,3.5,50.4,1585,9.2,52,14035,81.8,70.5,2120,33.5,62.7,1730,27.4,35.3,980,15.5,23.3,1490,23.6,15.3,690,14.4,20.4,1470,30.7,30,1145,23.9,27.2,1490,31.1,15.3,115,6.3,3.4,425,23.3,8.7,630,34.5,15,655,35.9,6.7,455,4.9,13.5,1280,13.8,26.1,1450,15.6,34.5,6115,65.8,62.7,2270,8.6,1180,4.5,3049,11.5,19910,75.4,3380,15.2,4905,22.1,4205,18.9,9750,43.8,2075,2143,5098,16100,5144,2332,1994,1850,1805,5100,12555,6300,3720,2335,71700,43000,95000,143400,1792,1075,2375,3585,5085,850,1080,2454,4885,3595,974,1235,9469,10689,"2007, 2008, 2009, 2010, 2011, 2012, 2013, 2014, 2015, 2016, 2017, 2018, 2019","262, 39, 7, 16, 30, 28, 44, 45, 36, 50, 33, 108, 41","4, 2, 4, 6, 0, 6, 6, 8, 4, 6, 8, 2, 0","0, 0, 8, 25, 8, 6, 6, 0, 0, 0, 3, 6, 3","365, 643, 16, 105, 169, 524, 745, 338, 599, 664, 104, 8, 1096",""
"0900174190","Stratford",0,936,3168,8548,2680,527,254,1292,1384,930,313,52,115,1730,789,503,328,268,321,34,429,9,124,1934,1800,698,1247,1669,1686,872,6300,449,301,387,0,0,6,0,0,0,0,0,0,113,100,0,0,33,0,-2.8,13.2,1114,2079,774,1222,1294,2331,2141,936,976,95,3.1,100,1920,61.8,76.1,755,24.3,25.1,339,10.9,3.2,0,0,0,395,20.3,15.6,635,32.6,21.1,915,47,8.8,0,0,0,89,4.9,3.5,830,45.9,27.6,890,49.2,8.5,0,0,0,120,1.3,4.8,785,8.5,26.1,8300,90.2,79.5,65,5.1,100,815,63.7,59.5,200,15.6,19.5,200,15.6,12.2,0,0,0,450,42.9,32.8,394,37.6,38.4,205,19.5,12.5,0,0,0,90,12.7,6.6,354,49.9,34.5,265,37.4,16.2,0,0,0,15,1.4,1.1,79,7.4,7.7,970,91.2,59.1,3109,19.3,1945,12.1,1809,11.3,9205,57.3,1280,31.2,1049,25.6,709,17.3,1064,25.9,95,0.6,2524,15.7,3005,18.7,10444,65,65,1.6,1370,33.4,1027,25,1640,40,770,24.8,27,1029,33.2,20.6,605,19.5,14.1,699,22.5,17.8,535,27.4,18.7,615,31.5,12.3,390,20,9.1,410,21,10.4,330,18.2,11.6,590,32.6,11.8,549,30.3,12.8,340,18.8,8.6,1220,13.2,42.7,2769,30,55.3,2740,29.7,64,2489,27,63.2,435,33.7,63.1,210,16.3,29.4,520,40.3,29.5,125,9.7,13.6,115,11,16.7,255,24.4,35.7,435,41.6,24.7,240,23,26.1,24,3.4,3.5,110,15.6,15.4,340,48.4,19.3,229,32.6,24.9,115,11,16.7,140,13.4,19.6,465,44.5,26.4,325,31.1,35.4,2855,17.8,5003,31.1,4284,26.6,3938,24.5,689,16.9,715,17.5,1760,43.1,919,22.5,1304,7966,3521,2451,2815,473,1107,270,1170,1215,1505,1555,480,540,51300,30800,78500,102600,1282,770,1962,2565,2675,1030,919,905,1015,844,444,94,5529,2397,"2007, 2008, 2009, 2010, 2011, 2012, 2013, 2014, 2015, 2016, 2017, 2018, 2019","44, 13, 15, 17, 9, 9, 24, 13, 27, 25, 11, 11, 7","4, 0, 0, 8, 2, 0, 2, 0, 0, 0, 2, 0, 4","0, 0, 0, 0, 0, 0, 0, 0, 0, 0, 0, 0, 0","0, 0, 0, 0, 0, 0, 244, 0, 10, 0, 71, 14, 64",""
"0900177200","Trumbull",0,71,1117,5013,3942,640,79,472,526,383,108,76,33,461,186,41,88,104,148,88,325,18,76,808,818,349,357,612,538,502,6318,818,0,23,0,0,0,0,0,11,40,0,222,222,0,0,0,187,0,2.4,11.9,1697,2704,859,2047,1976,3124,2899,1080,1173,14,1.3,100,610,57.7,46.9,334,31.6,16.7,100,9.5,1.3,0,0,0,275,33.5,21.2,310,37.8,15.5,235,28.7,3.1,0,0,0,200,22.5,15.4,385,43.3,19.2,305,34.3,4,0,0,0,215,2.7,16.5,975,12.1,48.7,6895,85.3,91.5,30,9,100,159,47.6,40.9,80,24,23.2,65,19.5,8.7,0,0,0,180,63.2,46.3,20,7,5.8,85,29.8,11.4,0,0,0,50,25.6,12.9,65,33.3,18.8,80,41,10.7,0,0,0,0,0,0,180,25.9,52.2,515,74.1,69.1,1058,9.7,820,7.6,890,8.2,8085,74.5,334,22.1,285,18.9,195,12.9,695,46.1,14,0.1,1300,12,2004,18.5,7535,69.4,30,2,389,25.8,345,22.9,745,49.4,65,6.1,26.5,125,11.8,21.9,255,24.1,16.8,615,58,7.2,10,1.2,4.1,80,9.8,14,170,20.7,11.2,560,68.3,6.6,25,2.8,10.2,85,9.6,14.9,150,16.9,9.9,625,70.6,7.3,145,1.8,59.2,280,3.5,49.1,940,11.6,62,6719,83.1,78.9,160,47.1,46.4,20,5.9,21.1,65,19.1,27.1,95,27.9,11.4,85,30.4,24.6,20,7.1,21.1,45,16.1,18.8,130,46.4,15.6,40,20.5,11.6,20,10.3,21.1,20,10.3,8.3,115,59,13.8,60,8.6,17.4,35,5,36.8,110,15.7,45.8,495,70.7,59.3,245,2.3,570,5.3,1515,14,8519,78.5,345,22.8,95,6.3,240,15.8,835,55.1,536,1607,2541,2895,4010,1014,811,250,160,680,940,905,270,215,51300,30800,78500,102600,1282,770,1962,2565,944,585,585,1190,239,200,115,180,3304,734,"2007, 2008, 2009, 2010, 2011, 2012, 2013, 2014, 2015, 2016, 2017, 2018, 2019","27, 71, 2, 5, 9, 7, 11, 4, 8, 8, 6, 8, 1","12, 0, 0, 0, 0, 0, 0, 0, 0, 0, 0, 0, 0","0, 0, 0, 0, 0, 0, 0, 0, 0, 0, 0, 0, 0","0, 0, 0, 0, 0, 0, 0, 0, 0, 0, 0, 0, 0",""
"0900183430","Weston",0,9,79,638,1665,938,10,8,46,0,35,45,0,30,15,0,0,9,0,0,59,19,0,171,149,29,10,196,73,96,2030,585,0,2,0,0,0,0,0,0,0,0,0,0,0,0,0,0,0,2.4,3.9,1678,4733,1339,2159,2759,4316,4001,1080,1501,30,7.4,100,295,72.8,60.3,50,12.3,7.9,30,7.4,1.4,0,0,0,20,66.7,4.1,10,33.3,1.6,0,0,0,0,0,0,59,32.2,12.1,85,46.4,13.4,39,21.3,1.8,0,0,0,115,4.3,23.5,490,18.2,77.2,2090,77.6,96.8,0,0,NA,10,25,71.4,30,75,60,0,0,0,0,0,NA,4,16.7,28.6,0,0,0,20,83.3,21.5,0,0,NA,0,0,0,0,0,0,4,100,4.3,0,0,NA,0,0,0,20,22.5,40,69,77.5,74.2,405,12.2,30,0.9,183,5.5,2695,81.3,40,25.5,24,15.3,4,2.5,89,56.7,30,0.9,489,14.8,635,19.2,2159,65.2,0,0,14,8.9,50,31.8,93,59.2,20,5.1,21.1,0,0,0,0,0,0,370,94.9,11.8,0,0,0,0,0,0,0,0,0,30,100,1,0,0,0,10,5.4,71.4,10,5.4,20,165,89.2,5.3,75,2.8,78.9,4,0.1,28.6,40,1.5,80,2565,95.6,81.9,0,0,0,30,75,68.2,10,25,71.4,0,0,0,20,83.3,100,0,0,0,0,0,0,4,16.7,5.4,0,0,0,4,100,9.1,0,0,0,0,0,0,0,0,0,10,11.9,22.7,4,4.8,28.6,70,83.3,94.6,95,2.9,14,0.4,50,1.5,3130,95.2,20,13.2,44,28.9,14,9.2,74,48.7,149,NA,143,234,552,39,119,25,10,100,555,85,110,120,71700,43000,95000,143400,1792,1075,2375,3585,345,30,144,605,40,4,0,20,1124,64,"2007, 2008, 2009, 2010, 2011, 2012, 2013, 2014, 2015, 2016, 2017, 2018, 2019","14, 6, 2, 9, 2, 5, 8, 9, 7, 14, 10, 11, 9","0, 0, 0, 0, 0, 0, 0, 0, 0, 0, 0, 0, 0","0, 0, 0, 0, 0, 0, 0, 0, 0, 0, 0, 0, 0","0, 0, 0, 0, 0, 0, 0, 0, 0, 0, 0, 0, 0",""
"0900183500","Westport",16,85,708,2030,3071,2421,58,436,364,340,207,160,14,332,146,77,107,65,128,20,505,86,30,671,395,116,117,230,189,283,5473,962,0,22,0,0,0,58,50,58,54,0,0,50,132,0,0,34,86,7.5,2.6,1899,4245,1207,1942,1902,4316,4001,1080,1501,40,3.8,100,685,64.6,56.6,210,19.8,20.5,125,11.8,2.1,0,0,0,95,56.2,7.9,24,14.2,2.3,50,29.6,0.8,0,0,0,175,40.8,14.5,79,18.4,7.7,175,40.8,3,0,0,0,255,3.9,21.1,710,10.9,69.4,5575,85.2,94.1,75,17.9,100,270,64.4,69.4,64,15.3,25.3,10,2.4,1.1,0,0,0,84,33.7,21.6,75,30.1,29.6,90,36.1,9.9,0,0,0,0,0,0,30,54.5,11.9,25,45.5,2.7,0,0,0,35,3.9,9,84,9.3,33.2,785,86.8,86.3,1060,12.9,169,2.1,429,5.2,6540,79.8,419,25.8,249,15.3,55,3.4,904,55.6,40,0.5,1210,14.8,1023,12.5,5925,72.3,75,4.6,389,23.9,253,15.6,910,55.9,54,5.2,18.7,44,4.2,69.8,89,8.5,56.3,860,82.1,11.2,10,6.1,3.5,4,2.4,6.3,0,0,0,150,91.5,2,40,9.2,13.8,0,0,0,0,0,0,394,90.8,5.1,185,2.8,64,15,0.2,23.8,69,1.1,43.7,6274,95.9,81.7,120,28.6,44.6,74,17.7,18.6,0,0,0,225,53.7,28.4,80,32.8,29.7,70,28.7,17.6,50,20.5,32.3,44,18,5.5,4,7.5,1.5,19,35.8,4.8,10,18.9,6.5,20,37.7,2.5,65,7.2,24.2,235,26.1,59,95,10.6,61.3,504,56.1,63.6,289,3.5,63,0.8,158,1.9,7678,93.8,269,16.7,398,24.6,155,9.6,793,49.1,660,346,2432,4449,2758,1367,1752,110,100,555,1975,680,290,335,71700,43000,95000,143400,1792,1075,2375,3585,895,119,254,965,334,159,30,119,2233,642,"2007, 2008, 2009, 2010, 2011, 2012, 2013, 2014, 2015, 2016, 2017, 2018, 2019","93, 68, 32, 63, 72, 86, 103, 109, 79, 66, 65, 58, 51","0, 0, 0, 0, 0, 4, 0, 2, 4, 0, 0, 0, 0","0, 0, 0, 0, 0, 0, 0, 52, 8, 0, 0, 12, 4","0, 6, 0, 0, 0, 0, 0, 0, 0, 0, 94, 124, 0",""
"0900186370","Wilton",26,66,350,1278,2548,895,14,294,236,187,94,40,16,188,40,21,11,59,17,14,446,34,0,306,164,36,104,270,78,176,3299,765,0,6,0,0,0,84,85,0,51,0,0,0,0,0,0,52,0,-8.9,-0.9,1810,4223,1210,2004,2690,4316,4001,1080,1501,10,1.7,100,500,85,65.1,70,11.9,8.6,8,1.4,0.2,0,0,0,54,34.2,7,35,22.2,4.3,69,43.7,1.9,0,0,0,44,22.8,5.7,74,38.3,9,75,38.9,2.1,0,0,0,170,4,22.1,639,15.2,78.1,3390,80.7,95.7,0,0,NA,130,79.3,69.5,19,11.6,18.4,15,9.1,2.8,0,0,NA,45,91.8,24.1,4,8.2,3.9,0,0,0,0,0,NA,4,12.9,2.1,27,87.1,26.2,0,0,0,0,0,NA,8,1.4,4.3,53,9,51.5,527,89.6,97.2,588,11.4,158,3.1,193,3.8,4199,81.7,164,19.7,49,5.9,31,3.7,588,70.7,10,0.2,768,14.9,818,15.9,3542,68.9,0,0,187,22.5,103,12.4,542,65.1,55,9.5,41.4,8,1.4,16,4,0.7,3.8,513,88.4,10.6,14,9,10.5,0,0,0,4,2.6,3.8,138,88.5,2.9,4,2.1,3,0,0,0,4,2.1,3.8,179,95.7,3.7,60,1.4,45.1,42,1,84,94,2.2,88.7,3994,95.3,82.8,35,21.3,39.3,19,11.6,22.6,60,36.6,36.8,50,30.5,9.9,0,0,0,0,0,0,4,7.4,2.5,50,92.6,9.9,0,0,0,0,0,0,19,57.6,11.7,14,42.4,2.8,54,9.2,60.7,65,11.1,77.4,80,13.6,49.1,389,66.2,77.3,133,2.6,50,1,106,2.1,4824,94.3,89,10.6,84,10,163,19.4,503,60,483,1167,1441,4307,1826,684,800,40,160,385,1190,415,155,170,71700,43000,95000,143400,1792,1075,2375,3585,570,89,118,809,149,49,31,61,1586,290,"2007, 2008, 2009, 2010, 2011, 2012, 2013, 2014, 2015, 2016, 2017, 2018, 2019","27, 18, 7, 6, 11, 8, 22, 25, 9, 9, 7, 5, 2","0, 0, 0, 0, 0, 0, 0, 0, 0, 0, 0, 0, 0","0, 0, 0, 0, 0, 0, 0, 0, 0, 0, 0, 0, 0","0, 0, 0, 100, 0, 0, 0, 0, 0, 0, 0, 0, 0",""
