"GEOID","GeoName","County","AH002_2018","AH003_2018","AH004_2018","AH005_2018","AH006_2018","AH007_2018","AH008_2018","AH009_2018","AH010_2018","BD009_2018","BD010_2018","BD011_2018","BD012_2018","BD013_2018","BD014_2018","BD016_2018","BD017_2018","BD018_2018","BD019_2018","BD020_2018","BD021_2018","FO001_2013","FO001_2014","FO001_2015","FO001_2016","FO001_2017","FO001_2018","HH002_2018","HH003_2018","HH004_2018","HH005_2018","HT003_2018","HT006_2018","HT004_2018","HT007_2018","HT005_2018","HT008_2018","HV018_2013","HV018_2018","HV019_2013","HV019_2018","HV020_2013","HV020_2018","HV018_2000","HV019_2000","HV020_2000","RE001_2018","RE002_2018","RE003_2018","RE004_2018","RE005_2018","RH001_2018","RH002_2018","RH003_2018","RH011_2018","UN002_2018","UN003_2018","UN004_2018","UN005_2018","PH001_2013","PH001_2018","PH002_2013","PH002_2018","PH003_2013","PH003_2018","PH004_2013","PH004_2018","PH005_2013","PH005_2018","PH006_2013","PH006_2018","RH004_2018","RH005_2018","RH006_2018","RH007_2018","RH008_2013","RH008_2018","RH009_2013","RH009_2018","RH010_2013","RH010_2018"
"35004","Long Island",NA,14313,60263,63707,81369,133383,178254,277721,90813,147174,2630,22071,86416,315160,242546,81375,12249,55712,54738,39723,15312,5566,NA,NA,NA,NA,NA,NA,0.9,24.5,45.7,29,113499,10.8,750198,71.7,183300,17.5,348100,326300,450400,431000,628900,618000,237000,328100,401000,64.6,9.1,6.4,17.8,0.1,53336,103331,1716,38.6,857404,183400,81.8,17.5,2839568,2844465,939302,933498,2.97,2.99,76,74.9,3.43,3.49,20.1,21.1,1153,1420,1776,2097,1080,1145,1470,1573,1931,1985
"3602044","Amityville","Suffolk",33,436,115,306,499,180,1005,198,831,0,149,537,900,611,228,30,415,339,212,0,0,13375,16905,16633,16441,12711,9783,1.3,22,46.9,29.8,182,5.1,2425,67.3,996,27.6,331500,329100,409700,398800,523200,520200,234300,295600,396500,73.6,11,1.2,13.1,0.1,51250,100690,1536,36,2633,970,73.1,27.1,9525,9452,3480,3421,2.57,2.62,65.3,68.3,3.2,3.17,29.3,25.6,NA,1374,1798,1815,917,1112,1199,1418,1744,1802
"3602737","Asharoken","Suffolk",12,33,25,24,46,23,44,26,71,0,3,11,46,49,41,0,0,0,9,14,0,13375,16905,16633,16441,12711,9783,0,12.1,47.4,40.5,131,43.1,150,49.3,23,7.6,1057100,965000,1078800,1173500,1078800,1595000,645800,855400,1090600,94.8,0,1.8,2,0.7,NA,245417,3501,NA,304,0,100,0,610,443,224,173,2.72,2.56,81.3,74.6,3.04,3.02,15.2,23.7,NA,NA,NA,NA,2159,2825,2159,3375,2159,3501
"3602968","Atlantic Beach","Nassau",7,29,61,55,70,57,277,103,251,0,0,45,260,131,68,0,21,34,31,8,3,7786,10899,11766,8916,3510,3579,0,11.5,53.1,35.4,309,34,504,55.4,97,10.7,548000,529400,778400,759100,1078800,951200,412400,568800,831800,90.7,1.5,1.5,4,1.1,113036,139250,2817,29.9,851,59,93.5,6.4,1647,1398,696,601,2.32,2.33,66.5,72.2,2.85,2.78,26.6,24.6,NA,1523,3000,2908,1276,1482,1713,2367,2159,3111
"3603408","Babylon (Village)","Suffolk",156,103,95,249,509,569,1293,378,1318,10,120,511,1381,956,354,120,403,256,146,49,18,13375,16905,16633,16441,12711,9783,0.3,26.6,48.6,24.4,346,7.4,3332,71.3,992,21.2,378800,358300,477800,458400,631400,626300,245100,306100,418600,82.9,0.6,2.8,8,0,71071,127411,1877,31.7,3631,1031,77.7,22,12175,12089,4521,4324,2.67,2.79,67.4,72.2,3.26,3.3,24.2,20.8,1375,1793,1929,2283,1112,1419,1436,1756,1902,2120
"3604143","Baldwin","Nassau",11,113,70,225,319,925,1798,1330,3384,18,208,587,3132,2189,533,101,333,404,285,94,10,7786,10899,11766,8916,3510,3579,0.4,27.3,48.5,23.9,281,3.4,6667,81.6,1227,15,341100,315000,391100,373900,454700,446500,247200,283800,339000,33.8,34.6,3.4,25.2,0,35373,105888,1690,57.3,6843,1332,83.7,16.3,23757,25134,7497,7894,3.16,3.18,83.1,80.2,3.45,3.58,13.4,15.3,756,1101,2110,1830,974,894,1541,1476,1924,1843
"3604803","Baxter Estates","Nassau",4,7,16,2,21,86,60,62,243,3,25,48,88,95,27,24,80,37,8,16,0,7786,10899,11766,8916,3510,3579,0,25.7,36.8,37.5,50,10,286,57.1,165,32.9,533600,593800,788500,816700,993600,1031300,532400,685600,918200,66.2,1,13.3,18.1,0,47212,115417,1601,40.7,281,220,56.1,44,885,1065,361,451,2.45,2.36,59.6,64.1,3.35,2.88,35.5,30.8,1417,1556,1478,3500,1312,1217,1559,1448,1987,1922
"3604935","Bay Shore","Suffolk",73,537,757,879,988,1861,2296,608,1652,0,236,769,2759,1579,433,191,1283,819,569,337,106,13375,16905,16633,16441,12711,9783,0.6,28.5,48.8,22.1,570,5.9,5776,59.8,3305,34.2,270800,263500,354100,324300,428500,424600,181800,216000,269200,34.3,19.5,3.7,40.7,0,37644,76808,1504,47.9,6858,2640,71.1,27.3,28365,30685,9491,9081,2.96,3.35,65.3,73.5,3.75,3.9,29.5,21.4,1210,1293,1614,1840,1069,1034,1323,1386,1591,1767
"3605034","Bayville","Nassau",28,86,70,205,438,552,500,202,624,0,0,247,874,678,239,31,183,139,63,46,0,7786,10899,11766,8916,3510,3579,0.4,17.2,49.2,33.2,205,7.6,2038,75.3,462,17.1,460400,425800,610500,536200,790900,701000,338200,424900,559700,90.1,0.3,1,5.6,0.4,67833,105469,1545,27.3,2375,330,87.8,12.2,6701,6708,2458,2500,2.69,2.66,73.8,75.3,3.23,3.16,22.7,23,NA,642,2042,2174,1039,1010,1527,1438,2159,1847
"3605672","Belle Terre","Suffolk",9,23,10,32,53,82,20,5,41,0,0,5,54,108,73,0,0,0,2,5,3,13375,16905,16633,16441,12711,9783,0,15.6,50.8,33.6,25,9.1,240,87.3,10,3.6,717300,646100,940200,866700,1078800,1507800,523900,675700,948100,86.8,2.6,5,4.3,0,NA,205000,NA,NA,273,2,99.3,0.7,836,681,277,250,3.02,2.72,84.5,82.8,3.32,3.02,13.4,15.6,NA,NA,NA,NA,NA,NA,NA,NA,NA,NA
"3605738","Bellmore","Nassau",64,102,77,235,490,1244,1333,428,1646,9,70,532,1878,1755,504,100,186,60,255,27,8,7786,10899,11766,8916,3510,3579,0,24.6,46.7,28.8,235,4.2,4748,84.5,636,11.3,413800,396800,506000,483600,664300,640000,281300,354900,478300,86.9,1.5,3.4,7.2,0,NA,132927,1689,NA,5205,414,92.6,7.3,16377,15730,5522,5384,2.92,2.91,78,82.4,3.39,3.25,19.1,15.3,NA,NA,2071,2157,1162,939,1490,1490,1947,2399
"3605771","Bellport","Suffolk",17,49,42,59,232,149,246,110,228,0,21,81,391,157,64,0,16,53,37,3,0,13375,16905,16633,16441,12711,9783,0,13.1,43.3,43.6,309,27.3,714,63.1,109,9.6,369100,344900,458500,446200,695300,685900,227500,271800,462200,91.3,1,4.4,1.4,0,44688,105250,1719,46.2,1101,31,97.3,2.7,2152,2008,1038,823,2.07,2.43,56.6,69.4,2.81,2.96,39.8,26.5,NA,1182,1712,2083,1292,1250,1504,1655,1895,1891
"36059","Nassau County","Nassau",6741,15269,12997,21491,27802,60763,171209,62164,93399,1673,11676,36672,148564,119325,41391,6872,24704,25711,18742,7379,2808,7786,10899,11766,8916,3510,3579,0.9,24.7,44.5,29.8,26318,5.6,359301,76.1,86216,18.3,381900,365700,490300,474800,690700,677500,278700,353300,497200,60.8,11.1,9.2,16.6,0.1,57111,111240,1738,36.5,372798,98129,79,20.9,1343765,1356564,441955,445517,2.99,3,76.7,76.8,3.45,3.46,19.8,19.9,1094,1419,1769,2162,1045,1138,1484,1607,1982,2119
"3605929113","Glen Cove","Nassau County",84,646,459,716,1209,1283,3292,882,1904,9,311,608,2129,1366,551,246,1299,1609,1253,275,136,NA,NA,NA,NA,NA,NA,NA,NA,NA,NA,NA,NA,NA,NA,NA,NA,NA,NA,NA,NA,NA,NA,NA,NA,NA,NA,NA,NA,NA,NA,NA,NA,NA,NA,5913,4494,56.5,42.9,NA,NA,NA,NA,NA,NA,NA,NA,NA,NA,NA,NA,NA,NA,NA,NA,NA,NA,NA,NA,NA,NA
"3605934000","Hempstead (town)","Nassau County",3723,6372,5456,8802,13654,30490,89700,39187,58566,963,5638,20237,83883,65480,20762,3982,12706,14190,10333,3718,1540,NA,NA,NA,NA,NA,NA,NA,NA,NA,NA,NA,NA,NA,NA,NA,NA,NA,NA,NA,NA,NA,NA,NA,NA,NA,NA,NA,NA,NA,NA,NA,NA,NA,NA,203161,52320,79.3,20.5,NA,NA,NA,NA,NA,NA,NA,NA,NA,NA,NA,NA,NA,NA,NA,NA,NA,NA,NA,NA,NA,NA
"3605943335","Long Beach","Nassau County",252,320,868,1469,1651,3048,3388,1474,4022,204,1423,1704,2506,1808,478,852,2102,1558,1337,353,41,NA,NA,NA,NA,NA,NA,NA,NA,NA,NA,NA,NA,NA,NA,NA,NA,NA,NA,NA,NA,NA,NA,NA,NA,NA,NA,NA,NA,NA,NA,NA,NA,NA,NA,6715,9764,40.7,59.1,NA,NA,NA,NA,NA,NA,NA,NA,NA,NA,NA,NA,NA,NA,NA,NA,NA,NA,NA,NA,NA,NA
"3605953000","North Hempstead","Nassau County",1462,3964,3088,4325,4823,10655,23189,12562,18203,322,3084,6018,21728,20932,8741,1101,5118,5145,3347,1568,534,NA,NA,NA,NA,NA,NA,NA,NA,NA,NA,NA,NA,NA,NA,NA,NA,NA,NA,NA,NA,NA,NA,NA,NA,NA,NA,NA,NA,NA,NA,NA,NA,NA,NA,61905,20233,75.2,24.6,NA,NA,NA,NA,NA,NA,NA,NA,NA,NA,NA,NA,NA,NA,NA,NA,NA,NA,NA,NA,NA,NA
"3605956000","Oyster Bay","Nassau County",1220,3967,3126,6179,6465,15287,51640,8059,10704,175,1220,8105,38318,29739,10859,691,3479,3209,2472,1465,557,NA,NA,NA,NA,NA,NA,NA,NA,NA,NA,NA,NA,NA,NA,NA,NA,NA,NA,NA,NA,NA,NA,NA,NA,NA,NA,NA,NA,NA,NA,NA,NA,NA,NA,95104,11318,89.2,10.7,NA,NA,NA,NA,NA,NA,NA,NA,NA,NA,NA,NA,NA,NA,NA,NA,NA,NA,NA,NA,NA,NA
"3606387","Bethpage","Nassau",0,343,445,232,187,931,3158,466,444,35,103,932,2202,1642,468,11,139,93,190,96,0,7786,10899,11766,8916,3510,3579,0.3,21.5,40.1,38.1,295,4.8,5382,86.7,529,8.5,367600,351200,464900,449000,538100,570500,279200,335500,403600,81.3,0.9,7.7,9.6,0,62404,116838,2004,38.5,5208,998,83.9,16.1,16624,17215,5803,5911,2.86,2.91,79,76.9,3.27,3.39,19.2,20.2,NA,1454,2281,2387,1096,1328,1674,2004,1945,2365
"3608026","Brentwood","Suffolk",42,430,562,576,2393,5138,3677,1257,793,72,218,632,4843,2840,1510,210,762,701,1306,456,127,13375,16905,16633,16441,12711,9783,1.6,32.8,46.8,18.8,1191,8,10115,68,3562,24,254500,252300,312400,294900,381600,362900,177300,202700,230000,17.9,12.3,1.7,66.6,0,41017,76672,1458,42.7,12160,2615,81.8,17.6,57361,62942,13973,13677,4.03,4.52,82.7,84.2,4.16,4.62,12.5,12.1,513,887,1423,1789,766,805,1119,1310,1703,1701
"3608323","Brightwaters","Suffolk",22,21,5,29,56,101,261,186,485,5,7,102,456,386,126,0,20,12,0,23,7,13375,16905,16633,16441,12711,9783,1.8,17.7,57.2,23.3,22,1.9,1082,92.8,62,5.3,463500,415000,561700,498800,720100,684600,270200,360300,477900,86.1,2.4,0.7,7.1,0,36786,122857,1244,40.6,1140,26,97.8,2.2,3105,3069,1076,1144,2.88,2.68,80.2,78.6,3.19,3.05,12.5,17.6,NA,NA,NA,NA,1063,932,1450,997,2159,NA
"3610132","Brookville","Nassau",9,66,98,150,32,109,233,40,129,0,21,0,53,272,429,0,10,15,0,10,19,7786,10899,11766,8916,3510,3579,0,22.6,51.1,26.3,37,4.3,775,89.5,54,6.2,1078800,1253100,1078800,1813600,1078800,2000001,1278800,1458200,1458200,69.3,4.6,11.1,12.1,0,250001,250001,3071,14.7,850,16,98.1,1.9,3492,3564,792,829,3.33,2.97,93.6,88.4,3.45,3.15,3.8,9.4,NA,NA,942,NA,1866,NA,2116,2167,2159,2472
"36103","Suffolk County","Suffolk",7572,44994,50710,59878,105581,117491,106512,28649,53775,957,10395,49744,166596,123221,39984,5377,31008,29027,20981,7933,2758,13375,16905,16633,16441,12711,9783,0.8,24.2,46.7,28.3,87181,15.2,390897,68,97084,16.9,323600,301000,413600,386800,546600,532900,211100,270100,379100,68.1,7.3,3.8,18.9,0.1,50203,96675,1698,40.6,484606,85271,84.3,14.8,1495803,1487901,497347,487981,2.95,2.99,75.3,73.2,3.41,3.51,20.4,22.2,1226,1420,1781,2045,1101,1151,1460,1547,1891,1926
"3610304000","Babylon (town)","Suffolk County",693,3265,2914,4560,8856,16274,22405,5398,6437,217,1860,6483,20564,14628,6079,735,5925,4389,3307,989,522,NA,NA,NA,NA,NA,NA,NA,NA,NA,NA,NA,NA,NA,NA,NA,NA,NA,NA,NA,NA,NA,NA,NA,NA,NA,NA,NA,NA,NA,NA,NA,NA,NA,NA,56089,14322,79.2,20.2,NA,NA,NA,NA,NA,NA,NA,NA,NA,NA,NA,NA,NA,NA,NA,NA,NA,NA,NA,NA,NA,NA
"3610310000","Brookhaven","Suffolk County",2588,17559,18582,21402,45510,30381,21232,7055,11463,316,3924,18502,55010,38957,9765,2179,10892,10326,7460,2599,672,NA,NA,NA,NA,NA,NA,NA,NA,NA,NA,NA,NA,NA,NA,NA,NA,NA,NA,NA,NA,NA,NA,NA,NA,NA,NA,NA,NA,NA,NA,NA,NA,NA,NA,146692,28699,83.5,16.3,NA,NA,NA,NA,NA,NA,NA,NA,NA,NA,NA,NA,NA,NA,NA,NA,NA,NA,NA,NA,NA,NA
"3610322194","East Hampton (town)","Suffolk County",356,2256,3279,4920,4133,2221,1743,491,2636,19,124,1111,3643,2047,619,36,304,416,520,95,72,NA,NA,NA,NA,NA,NA,NA,NA,NA,NA,NA,NA,NA,NA,NA,NA,NA,NA,NA,NA,NA,NA,NA,NA,NA,NA,NA,NA,NA,NA,NA,NA,NA,NA,20002,1630,90.7,7.4,NA,NA,NA,NA,NA,NA,NA,NA,NA,NA,NA,NA,NA,NA,NA,NA,NA,NA,NA,NA,NA,NA
"3610337000","Huntington (town)","Suffolk County",989,4081,3688,4195,8320,19259,20849,4705,9048,121,755,5300,22278,21741,8569,359,2824,2705,2529,955,218,NA,NA,NA,NA,NA,NA,NA,NA,NA,NA,NA,NA,NA,NA,NA,NA,NA,NA,NA,NA,NA,NA,NA,NA,NA,NA,NA,NA,NA,NA,NA,NA,NA,NA,66687,8323,88.8,11,NA,NA,NA,NA,NA,NA,NA,NA,NA,NA,NA,NA,NA,NA,NA,NA,NA,NA,NA,NA,NA,NA
"3610338000","Islip (town)","Suffolk County",750,5066,8533,8941,19683,26230,23374,5713,10202,148,1895,8624,35077,22710,8094,1170,7264,6743,4290,1807,804,NA,NA,NA,NA,NA,NA,NA,NA,NA,NA,NA,NA,NA,NA,NA,NA,NA,NA,NA,NA,NA,NA,NA,NA,NA,NA,NA,NA,NA,NA,NA,NA,NA,NA,87198,20226,80.4,18.6,NA,NA,NA,NA,NA,NA,NA,NA,NA,NA,NA,NA,NA,NA,NA,NA,NA,NA,NA,NA,NA,NA
"3610361984","Riverhead (town)","Suffolk County",473,3287,2936,1984,1906,1808,2094,638,1586,25,274,3036,4430,2138,491,164,682,1071,512,358,142,NA,NA,NA,NA,NA,NA,NA,NA,NA,NA,NA,NA,NA,NA,NA,NA,NA,NA,NA,NA,NA,NA,NA,NA,NA,NA,NA,NA,NA,NA,NA,NA,NA,NA,12760,2122,76.4,12.7,NA,NA,NA,NA,NA,NA,NA,NA,NA,NA,NA,NA,NA,NA,NA,NA,NA,NA,NA,NA,NA,NA
"3610366839","Shelter Island","Suffolk County",51,467,379,503,442,248,389,112,677,0,0,84,546,363,43,0,0,78,10,81,0,NA,NA,NA,NA,NA,NA,NA,NA,NA,NA,NA,NA,NA,NA,NA,NA,NA,NA,NA,NA,NA,NA,NA,NA,NA,NA,NA,NA,NA,NA,NA,NA,NA,NA,3161,83,96.7,2.6,NA,NA,NA,NA,NA,NA,NA,NA,NA,NA,NA,NA,NA,NA,NA,NA,NA,NA,NA,NA,NA,NA
"3610368000","Smithtown (town)","Suffolk County",397,2132,3270,4287,7199,14156,7591,1519,2065,33,847,2378,13921,14485,4019,344,1801,1006,876,243,161,NA,NA,NA,NA,NA,NA,NA,NA,NA,NA,NA,NA,NA,NA,NA,NA,NA,NA,NA,NA,NA,NA,NA,NA,NA,NA,NA,NA,NA,NA,NA,NA,NA,NA,38485,4085,90.3,9.5,NA,NA,NA,NA,NA,NA,NA,NA,NA,NA,NA,NA,NA,NA,NA,NA,NA,NA,NA,NA,NA,NA
"3610368473","Southampton (town)","Suffolk County",1096,4896,5195,6925,7294,5409,5180,2115,5716,65,424,3012,7275,4225,1702,377,998,1497,1070,693,153,NA,NA,NA,NA,NA,NA,NA,NA,NA,NA,NA,NA,NA,NA,NA,NA,NA,NA,NA,NA,NA,NA,NA,NA,NA,NA,NA,NA,NA,NA,NA,NA,NA,NA,38832,4167,88.6,9.4,NA,NA,NA,NA,NA,NA,NA,NA,NA,NA,NA,NA,NA,NA,NA,NA,NA,NA,NA,NA,NA,NA
"3610369463","Southold","Suffolk County",162,1947,1906,2129,2169,1472,1642,899,3921,13,275,1179,3751,1888,600,13,313,788,389,110,14,NA,NA,NA,NA,NA,NA,NA,NA,NA,NA,NA,NA,NA,NA,NA,NA,NA,NA,NA,NA,NA,NA,NA,NA,NA,NA,NA,NA,NA,NA,NA,NA,NA,NA,14510,1611,89.3,9.9,NA,NA,NA,NA,NA,NA,NA,NA,NA,NA,NA,NA,NA,NA,NA,NA,NA,NA,NA,NA,NA,NA
"3613233","Cedarhurst","Nassau",8,87,45,126,170,89,447,198,816,0,41,185,446,239,259,24,278,175,170,14,57,7786,10899,11766,8916,3510,3579,7.7,35.3,23.8,33.2,98,4.9,1170,58.9,718,36.2,387400,371500,571900,516400,752600,725400,328500,425800,561400,77.6,1.5,1.5,19,0,85530,99873,1859,26.1,1045,941,52.7,47.4,6598,6661,2133,1888,3.09,3.53,74.8,77.3,3.76,3.95,24.3,18.1,NA,1716,1640,2198,1309,1346,1488,1744,1710,2355
"3613376","Centereach","Suffolk",24,945,481,621,2617,2927,2089,287,254,11,53,527,3771,2871,796,200,412,301,478,225,37,13375,16905,16633,16441,12711,9783,1,27,45.2,26.8,563,5.5,8029,78.4,1653,16.1,310900,286600,370700,341500,426600,393500,198000,232000,279700,75.1,2.9,5.1,14.8,0,47688,105442,1885,47.4,9306,939,90.8,9.3,32738,32028,10013,9682,3.25,3.29,81.8,79.7,3.54,3.7,13.3,17.5,NA,1756,1919,1815,1496,1146,2159,1758,2159,2320
"3613552","Central Islip","Suffolk",37,879,1707,796,2218,1718,1954,298,561,10,178,1112,2634,1321,782,164,1060,903,635,238,146,13375,16905,16633,16441,12711,9783,0.9,28.5,47.3,23.3,985,9.7,6037,59.4,3146,30.9,237900,213200,298700,260800,374500,320100,162900,196600,231400,22.6,25.9,3.2,45.9,0.1,39598,68573,1612,48.9,7309,2805,71.9,27.7,36944,31846,9834,9183,3.72,3.45,77.2,70.7,4.12,4.11,18.1,25.4,669,1345,1642,1798,892,747,1371,1483,1771,1811
"3613618","Centre Island","Nassau",21,6,23,17,4,25,40,19,106,0,0,15,47,63,44,0,0,6,2,5,2,7786,10899,11766,8916,3510,3579,1.1,12.5,53.8,32.6,77,29.5,169,64.8,15,5.7,1019800,1002200,1078800,1658300,1078800,2000001,682600,1072700,1458200,86.7,0.4,7.6,4.2,0,54250,155278,NA,NA,257,4,98.4,1.6,385,472,157,184,2.45,2.57,77.7,73.4,2.79,2.9,20.4,20.7,NA,NA,NA,NA,2159,NA,2159,NA,2159,NA
"3617530","Commack","Suffolk",61,186,873,860,903,5292,3741,288,294,0,80,466,4890,4308,1326,66,521,111,120,77,13,13375,16905,16633,16441,12711,9783,0,19.1,50.5,30.3,520,4.2,11070,88.6,908,7.3,439400,415800,510600,481700,654500,624800,613600,738000,887900,85.7,1.5,4.7,6.2,0,42870,131616,1786,50,11741,752,93.9,6,35757,36936,11643,11978,3.02,3.04,82.6,81.6,3.39,3.42,15.3,15.9,1370,1626,2042,2468,1199,1340,1756,1706,2159,2087
"3618146","Copiague","Suffolk",77,321,232,448,964,1838,2434,750,561,54,308,880,2147,1600,625,33,439,538,336,18,38,13375,16905,16633,16441,12711,9783,0.7,26.1,48.9,24.4,609,8,5614,73.6,1402,18.4,295900,251200,360900,310700,427400,374800,192800,225900,267100,49.6,6.9,1.1,39.8,0.3,55769,79332,1676,36.1,6267,1329,82.2,17.5,22155,23716,7448,7016,2.97,3.37,72.8,72.6,3.45,3.89,24,22.8,NA,1586,1677,1653,1106,1165,1333,1497,1872,1800
"3618157","Coram","Suffolk",389,1910,2789,2635,5167,1985,420,277,408,1,729,2027,3648,2946,660,255,1603,1986,640,166,24,13375,16905,16633,16441,12711,9783,0.8,26.3,46.6,26.3,1295,8.1,10011,62.6,4674,29.2,259600,249100,340900,312300,406900,375800,196300,230500,272800,64.1,11.3,4.9,18.3,0,64792,83279,1969,36.5,9946,6000,62.2,37.6,39935,39977,14674,14685,2.7,2.71,68.6,62.8,3.26,3.51,24.9,31.5,712,1404,2196,2176,1221,1275,1641,1710,1972,2149
"3618597","Cove Neck","Nassau",0,8,14,10,1,19,17,6,58,0,0,9,6,25,38,0,2,11,3,5,2,7786,10899,11766,8916,3510,3579,0,15.8,37.6,46.5,32,24.1,78,58.6,23,17.3,1078800,1093800,1078800,1875000,1078800,2000001,1198800,1458200,1458200,90.9,0,3.9,5.1,0,99375,156875,3501,42.3,129,4,97,3,216,254,84,101,2.57,2.51,65.5,74.3,3.13,3.01,27.4,23.8,NA,NA,3501,NA,1066,NA,1282,3036,1517,3268
"3619972","Deer Park","Suffolk",12,264,308,517,1329,3007,2718,524,406,0,45,755,3396,2236,749,59,543,273,404,110,24,13375,16905,16633,16441,12711,9783,0.2,24.7,48,27.1,491,5.4,7181,79,1413,15.6,338900,315500,386800,359400,439600,409800,222200,252000,288400,59,12.9,8.4,17,0,45262,91442,1567,41.5,7887,1136,86.8,12.5,27482,27273,9422,8594,2.91,3.16,73.2,73.9,3.45,3.72,22.7,21.4,NA,1267,1609,1943,1063,1087,1411,1333,1890,1729
"3620379","Dering Harbor","Suffolk",0,8,3,9,3,0,0,0,15,0,0,0,0,0,0,0,0,0,0,0,0,13375,16905,16633,16441,12711,9783,NA,NA,NA,NA,38,100,0,0,0,0,-719206700,-666666666,-719206700,-666666666,-719206700,-666666666,1458200,1458200,1458200,-666666666,-666666666,-666666666,-666666666,-666666666,NA,NA,NA,NA,38,0,100,0,6,0,4,0,1.5,-666666666,50,-666666666,2,-666666666,50,-666666666,NA,NA,NA,NA,NA,NA,NA,NA,NA,NA
"3620687","Dix Hills","Suffolk",71,347,451,1026,2142,3555,909,250,124,17,12,214,1871,3650,2007,17,179,106,108,77,11,13375,16905,16633,16441,12711,9783,0.1,19.7,51.1,29.2,606,6.8,7771,87.6,498,5.6,570800,548400,754600,711000,977400,905100,424800,563000,717700,71.3,4.3,16,6.2,0.1,74481,156603,1866,30.1,8453,396,95.3,4.4,26585,26819,8227,8269,3.2,3.2,85.7,89.5,3.49,3.38,10.8,8.9,NA,1676,1846,2507,1260,1547,1572,1843,2056,2739
"3622183","East Hampton (village)","Suffolk",107,133,123,181,129,165,180,55,820,2,20,39,118,122,108,0,10,48,35,12,3,13375,16905,16633,16441,12711,9783,0.6,8.5,39.8,51.1,1376,72.7,409,21.6,108,5.7,1059500,1121300,1078800,1656300,1078800,2000001,507500,893100,1458200,86.1,1.5,1.4,6.1,0,47000,90750,2458,62.8,1805,88,95.3,4.6,1137,1034,593,517,1.9,2,59.9,54.7,2.31,2.68,36.3,42,NA,NA,1825,2721,1436,1900,2014,2216,2159,2451
"3622260","East Hills","Nassau",43,45,29,109,81,555,1083,270,215,0,5,22,540,1101,666,0,0,0,0,6,8,7786,10899,11766,8916,3510,3579,0,24.4,46,29.6,82,3.4,2334,96,14,0.6,785100,801600,978500,1012200,1078800,1327600,667400,855800,1050500,85.5,0.6,8.4,4.2,0,NA,207578,NA,NA,2430,0,100,0,6984,7113,2214,2348,3.15,3.03,90.5,88.8,3.35,3.26,9,10.8,NA,NA,NA,NA,NA,NA,NA,NA,NA,NA
"3622315","East Islip","Suffolk",15,35,240,675,504,920,1659,250,435,0,16,578,2034,912,242,73,94,175,129,54,16,13375,16905,16633,16441,12711,9783,0,21.6,53.6,24.9,410,8.7,3782,79.9,541,11.4,355500,338800,436300,402000,531600,496700,229200,277900,365900,86.2,2.3,1.1,9.9,0,73272,122159,1973,32.3,3934,758,83.1,16,13796,13563,4510,4323,3.02,3.1,79.2,76.5,3.41,3.55,17.3,17.3,NA,1755,2004,2106,949,1480,1316,1849,1733,2222
"3622480","East Massapequa","Nassau",207,710,204,212,428,856,3843,352,541,10,0,1090,2251,2127,352,42,234,264,188,208,28,7786,10899,11766,8916,3510,3579,1.5,26.3,41.1,31.2,559,7.6,5830,79.3,964,13.1,357400,347900,445800,434200,557500,573600,260600,327200,408200,75.5,11.8,1.4,10.1,0,NA,95743,2122,NA,6405,928,87.1,12.6,19265,18331,6418,6794,2.97,2.67,76.8,70.5,3.38,3.27,17.5,26.7,NA,NA,1895,2284,668,974,1243,2007,1712,2390
"3622502","East Meadow","Nassau",219,509,1083,453,614,833,7059,1232,799,36,387,1338,4844,3515,621,49,366,284,396,274,107,7786,10899,11766,8916,3510,3579,0.7,24.5,40.4,34.4,584,4.6,10741,83.9,1476,11.5,357600,345600,433700,432100,505300,514400,269000,312500,363700,64.3,6.6,12.2,14.6,0.4,60437,105192,2332,46.3,10684,2078,83.5,16.2,37687,37358,12226,12217,2.92,2.93,76.3,77.7,3.43,3.31,21.6,20.1,NA,1388,2011,2665,986,1106,1681,2170,2159,2760
"3622612","East Northport","Suffolk",81,95,107,195,988,1935,2673,376,1029,11,65,558,2591,2072,652,0,207,408,316,59,44,13375,16905,16633,16441,12711,9783,0.1,19.5,52,28.4,496,6.6,5949,79.5,1034,13.8,394700,404300,480500,465200,594300,581600,284100,340900,412700,89.3,0.8,1.6,7.4,0,57989,106479,1931,40,6808,671,91.1,8.9,19877,20136,6968,6983,2.84,2.87,79.4,76.1,3.22,3.34,18.5,21.9,NA,1145,1937,2207,1033,1310,1635,1676,1984,1920
"3622733","East Patchogue","Suffolk",65,671,501,1121,2553,992,1411,384,943,27,120,667,2618,1594,252,75,1623,905,325,42,0,13375,16905,16633,16441,12711,9783,1.4,23.3,42.9,32.3,393,4.5,5278,61.1,2970,34.4,288700,265200,355900,321200,413800,387300,189700,225300,267600,73.9,3.3,2.1,19.5,0,44667,76655,1407,37.8,6051,2521,70,29.2,22292,22637,8270,8248,2.66,2.7,67.2,64.8,3.23,3.39,27.5,29.8,1458,1256,1643,2175,1007,917,1346,1337,1559,1528
"3622876","East Rockaway","Nassau",64,57,31,49,226,612,1174,389,1522,131,209,518,1163,682,207,154,177,297,206,0,17,7786,10899,11766,8916,3510,3579,0,27.9,43.8,28.3,363,8.8,2910,70.6,851,20.6,377500,309400,491600,453100,639100,610100,288400,380200,486300,81.4,3,3,11.9,0,53924,99715,1835,40.8,2563,1550,62.1,37.6,9841,9802,3598,3761,2.7,2.57,71,63.5,3.33,3.34,26.6,31.8,NA,1318,2103,2105,1354,1284,1557,1664,1922,2039
"3623217","East Williston","Nassau",11,6,4,0,34,75,237,146,288,0,15,8,355,323,89,0,0,0,7,4,0,7786,10899,11766,8916,3510,3579,0,18.1,49.1,32.8,0,0,790,98.6,11,1.4,665700,662000,830300,841500,994900,1008000,509600,647100,862800,80.3,0.9,8.5,6.6,0,NA,176328,NA,NA,779,22,97.3,2.7,2570,2576,844,801,3.05,3.22,88.3,84.9,3.28,3.56,9.2,14.5,NA,NA,NA,NA,2159,NA,2159,NA,2159,NA
"3624273","Elmont","Nassau",66,325,180,255,627,976,3866,2443,1653,65,71,584,3262,2783,1011,226,245,674,723,112,48,7786,10899,11766,8916,3510,3579,2.2,24.8,50.8,22.2,587,5.6,7776,74.8,2028,19.5,346700,325000,408100,385600,485700,461500,243100,277200,325600,13.9,45.4,14.2,21.5,0.1,58356,96943,1748,35.9,8306,2072,79.9,19.9,35991,36028,9697,9804,3.71,3.67,83.7,82.4,4,4.02,13,14.6,NA,1028,1747,1896,1015,1271,1347,1639,1742,1932
"3624405","Elwood","Suffolk",36,156,194,214,407,1373,892,230,237,35,14,169,1234,1231,649,0,23,22,86,94,9,13375,16905,16633,16441,12711,9783,0,23.6,48.2,28.2,173,4.6,3332,89.1,234,6.3,423300,413800,528200,509500,706600,674200,283500,379000,499700,72.5,8.1,8.6,8.7,0,81818,110741,2210,32.4,3639,100,97.3,2.7,10704,11439,3508,3566,3.02,3.18,82,84.2,3.38,3.51,15.5,14,NA,NA,NA,1750,1623,1085,2072,1764,2159,2973
"3625384","Farmingdale","Nassau",88,220,150,465,204,789,998,303,788,0,452,432,918,672,73,41,515,396,129,64,12,7786,10899,11766,8916,3510,3579,0.4,28.5,41.6,29.5,301,7.5,2547,63.6,1157,28.9,312000,267900,390300,402200,486200,486200,258000,309100,378800,74.9,3.7,6.8,12.3,0.1,40958,86447,1622,47.5,2219,1786,55.4,44.6,8205,8842,3170,3704,2.52,2.33,62.5,59.6,3.29,3.05,32.6,35.8,NA,1401,1959,2204,1234,1102,1633,1486,1958,2023
"3625417","Farmingville","Suffolk",61,170,337,571,1364,1116,681,325,165,37,12,204,1908,1514,377,52,60,47,254,98,36,13375,16905,16633,16441,12711,9783,0.2,28.4,50.1,21.2,191,4,4052,84.6,547,11.4,299800,280100,363800,339000,421800,393000,196900,235100,282700,78.1,2.1,4.4,12.8,0,35074,107266,1606,54.9,4627,163,96.6,3.4,16106,15495,4761,4599,3.36,3.33,87.9,85.5,3.52,3.63,7.9,11.6,NA,1114,1879,2255,1655,542,2016,1579,2159,2192
"3626264","Floral Park","Nassau",15,66,48,141,155,423,1468,672,2894,58,158,489,2322,1259,224,56,449,483,182,26,0,7786,10899,11766,8916,3510,3579,0.9,24.5,45.6,28.9,176,3,4510,76.7,1196,20.3,454500,450100,534800,568800,681300,675100,622900,755800,905300,80.8,0.8,7,10,0.1,67586,114674,1672,29.7,4439,1443,75.5,24.5,15988,16209,5519,5706,2.89,2.84,76.4,74.9,3.38,3.37,20.5,21,3501,1376,1824,1707,1087,1283,1347,1534,1600,1875
"3626352","Flower Hill","Nassau",25,62,20,69,139,240,590,224,237,0,0,49,303,685,377,0,53,36,21,14,33,7786,10899,11766,8916,3510,3579,0,22.7,48.9,28.4,35,2.2,1414,88,157,9.8,883400,863600,1078800,1333300,1078800,1973200,713200,938400,1235100,72.5,0.8,18,6.7,0,62039,185341,1818,35.2,1496,110,93.1,6.9,4700,4795,1382,1571,3.38,3.04,87.4,85,3.71,3.34,11.4,12.9,NA,1651,NA,NA,1542,1584,1842,1747,2131,1911
"3627309","Franklin Square","Nassau",22,154,110,296,613,997,4072,2326,1508,6,82,1076,3600,2457,752,223,245,484,372,259,24,7786,10899,11766,8916,3510,3579,0.6,23.4,45,31,518,5.1,7973,79,1607,15.9,385700,379500,462900,454300,529500,563100,280400,327400,382300,61.6,2.2,10.9,21.5,0.5,60785,106519,1704,33.6,8511,1507,84.2,14.9,30549,32329,10010,9580,3.04,3.36,80.6,81.8,3.41,3.73,17.5,15.3,807,1066,1770,2154,1073,1044,1325,1498,1867,2061
"3627485","Freeport","Nassau",68,183,143,518,942,1979,4559,940,5381,119,664,1446,4151,2235,791,439,1576,1516,769,297,18,7786,10899,11766,8916,3510,3579,1.1,27.3,42.9,28.7,692,4.7,9406,63.9,4615,31.4,270800,256800,360000,324500,434100,399300,224400,262300,316000,24.6,29.2,1.8,41.6,0,38714,76244,1433,44.4,9033,5584,61.4,38,42976,43128,13854,14021,3.06,3.04,69.5,71.1,3.66,3.66,24.6,24.5,846,1325,1430,1917,981,944,1289,1367,1578,1697
"3628178","Garden City","Nassau",86,86,112,226,204,388,2538,994,2992,0,295,573,2961,2079,1082,15,82,107,66,105,0,7786,10899,11766,8916,3510,3579,0.6,19.5,45.6,34.3,261,3.4,6990,91.7,375,4.9,639300,633800,842700,836100,1068800,994100,527700,670800,922000,89.1,1.6,3.1,4.9,0,128527,171750,3206,29.9,6503,1106,85.3,14.4,22443,22533,7409,7365,2.88,2.92,81.3,81.4,3.27,3.33,18.1,17.1,NA,3106,NA,2667,1754,2387,2014,2861,2159,3440
"3630169","Great Neck","Nassau",27,362,115,77,220,238,822,350,1175,10,130,277,880,793,258,51,173,211,207,93,6,7786,10899,11766,8916,3510,3579,2,23.7,40.3,34.1,297,8.8,2348,69.3,741,21.9,548700,555100,751800,815100,962500,1005000,554100,680700,898000,77.6,0.8,9.3,11.5,0,41424,94153,1871,54.2,2327,1049,68.7,30.9,10028,10203,3373,3089,2.97,3.3,70.4,80.7,3.71,3.78,28.4,17.5,427,1120,1943,2223,833,934,1486,1757,2159,3026
"3630191","Great Neck Estates","Nassau",69,20,5,0,28,79,104,145,661,0,37,50,174,317,292,8,0,6,4,38,40,7786,10899,11766,8916,3510,3579,0,15.8,48.8,35.4,145,13.1,870,78.3,96,8.6,924100,969200,1078800,1356100,1078800,1925800,877300,1172500,1458200,89.4,0,6.9,2.9,0,64500,148939,1884,35.1,955,141,86,12.7,2776,2841,941,966,2.95,2.94,82.4,80,3.33,3.37,17.6,18,NA,NA,NA,NA,1497,1056,2159,1695,2159,3501
"3630213","Great Neck Plaza","Nassau",54,127,153,377,297,750,1050,742,488,113,898,831,227,125,0,258,766,537,70,6,0,7786,10899,11766,8916,3510,3579,0,28.6,31.1,40.3,207,5.1,2194,54.3,1637,40.5,249100,241600,380000,354400,563600,492100,445900,581400,815300,66.1,3.1,17.2,9.5,0.7,71042,78770,1830,30.9,177,3861,4.4,95.6,6769,6957,3383,3831,1.94,1.77,50.3,42,2.78,2.67,47.9,53.7,1230,1793,2352,3501,993,1297,1749,1810,2159,2605
"3630543","Greenlawn","Suffolk",8,93,88,356,478,1307,1795,308,473,14,0,203,1615,1355,466,19,437,34,58,149,49,13375,16905,16633,16441,12711,9783,2.3,19.6,47.1,31,507,10.3,3653,74.5,746,15.2,383000,362600,480800,473000,638800,636500,251800,321500,440500,69.4,9.9,3.8,13.3,0.1,21612,99026,538,29.9,4334,557,88.3,11.4,14188,13978,4615,4399,3,3.11,73.4,75,3.6,3.55,24,21.6,NA,421,NA,NA,286,223,1057,350,1433,1042
"3630576","Greenport","Suffolk",0,70,52,60,44,36,27,34,916,7,21,152,230,83,16,13,45,163,108,0,0,13375,16905,16633,16441,12711,9783,0,21.6,43.3,35.1,401,32.4,509,41.1,329,26.6,380500,343600,473700,486500,629800,673700,174500,220800,257100,64.7,17.4,0.7,16.2,0,29135,50208,1436,59.1,786,453,63.5,36.6,2313,1945,917,838,2.42,2.17,49.3,58.5,3.31,2.85,36.5,39.1,NA,1086,1440,1718,909,1155,1240,1381,1520,1644
"3631896","Hampton Bays","Suffolk",77,835,959,1196,1705,1431,1057,229,765,0,85,655,1933,836,308,126,632,544,246,109,28,13375,16905,16633,16441,12711,9783,1.6,26.3,40,32.1,2752,33.3,3817,46.2,1685,20.4,370700,360200,484100,464100,671500,678900,209500,259600,344400,66.6,1.1,0.3,30,0,43083,78344,1712,47.7,6814,1343,82.6,16.3,12680,14280,5064,5502,2.48,2.58,64.8,66.2,2.91,3.1,26.8,28.8,1668,1459,1782,2015,1042,1208,1468,1565,1899,1850
"3632732","Hauppauge","Suffolk",87,245,639,732,1379,3091,823,252,189,0,106,549,2053,2456,504,168,356,246,211,54,92,13375,16905,16633,16441,12711,9783,0.9,26.1,43.1,29.9,642,8.6,5668,76.2,1127,15.2,432000,400400,506100,470600,660600,621200,594500,728200,906600,80.4,3.5,6.7,8.2,0.1,83523,109262,2075,29.8,6162,1265,82.9,17,21324,19580,7234,6795,2.91,2.86,79,75.2,3.31,3.29,17.5,19.1,1832,1888,2163,2385,1518,1684,1781,1959,2029,2360
"3632963","Head of the Harbor","Suffolk",10,59,67,75,43,86,52,3,160,0,0,9,91,197,139,4,12,0,23,4,0,13375,16905,16633,16441,12711,9783,0,15,44.9,40.1,76,13.7,436,78.6,43,7.7,829100,690000,1053200,896600,1078800,1188500,581100,779700,1040400,81.1,5.2,4.1,7,0,NA,159464,2000,NA,546,9,98.3,1.6,1319,1463,473,479,2.79,3.05,77,74.3,3.25,3.33,20.7,21.9,NA,NA,NA,2031,2159,1631,2159,1810,2159,1988
"3633139","Hempstead (village)","Nassau",317,433,827,677,1807,2848,4066,2342,3815,70,189,732,2570,2326,984,983,2949,2821,1449,385,245,7786,10899,11766,8916,3510,3579,3,36.9,39.5,20.6,1429,8.3,6871,40.1,8832,51.6,276600,260400,354200,311700,430900,377300,213200,242600,280700,5,44.6,1.6,46.9,0.3,40514,62347,1403,41.6,7924,9195,46.2,53.7,54350,55399,16182,15703,3.29,3.47,68.9,72.2,3.8,3.98,24.4,23.5,894,1237,1544,1824,800,825,1250,1292,1585,1653
"3634297","Hewlett Bay Park","Nassau",3,4,14,24,1,5,49,18,35,0,0,2,5,47,78,0,0,0,0,0,1,7786,10899,11766,8916,3510,3579,0,17.3,48.1,34.6,20,13.1,132,86.3,1,0.7,1078800,1116700,1078800,1691200,1078800,2000001,1171200,1427100,1458200,87.2,5.5,1.9,4.6,0,NA,239250,NA,NA,153,0,100,0,428,366,145,133,2.95,2.75,84.1,78.2,3.29,3.19,14.5,20.3,NA,NA,NA,NA,NA,NA,NA,NA,NA,NA
"3634308","Hewlett Harbor","Nassau",9,19,20,9,25,58,171,72,28,0,0,5,67,142,161,0,0,0,0,3,0,7786,10899,11766,8916,3510,3579,0,10.3,51.3,38.4,33,8,375,91.2,3,0.7,987100,868000,1078800,1105500,1078800,1437500,892300,1165400,1458200,87.8,2.2,7.5,1.3,0,NA,249583,NA,NA,402,9,97.8,2.2,1257,1090,397,378,3.17,2.88,84.9,84.4,3.49,3.16,13.6,13.2,NA,NA,NA,NA,1464,NA,1579,NA,2159,NA
"3634319","Hewlett Neck","Nassau",0,14,1,0,1,20,25,16,72,0,0,3,24,38,76,0,0,0,0,2,0,7786,10899,11766,8916,3510,3579,0,20.3,53.1,26.6,6,4,141,94.6,2,1.3,995200,837500,1078800,1086800,1078800,1396900,908600,1211800,1443000,90.6,2.6,3.9,2.9,0,NA,211250,NA,NA,149,0,100,0,381,456,131,143,2.91,3.19,87,90.2,3.18,3.41,13,9.8,NA,NA,NA,NA,NA,NA,NA,NA,NA,NA
"3634374","Hicksville","Nassau",71,155,31,397,419,1076,8611,2526,891,35,69,1117,5167,4227,1003,41,323,479,340,305,190,7786,10899,11766,8916,3510,3579,0.9,21.8,48.2,29.1,881,6.2,11618,81.9,1678,11.8,368300,358300,430700,432500,510600,496500,262200,303300,359000,54.1,2.9,26.6,13.6,0.1,65000,108350,1909,35.2,13029,1119,91.9,8,41748,42649,13426,13296,3.1,3.2,81.2,82.2,3.46,3.53,15.1,14.1,1842,1109,1758,2208,960,1232,1496,1776,1961,2502
"3635056","Holbrook","Suffolk",23,480,1224,1198,3527,1693,727,230,251,9,95,695,3298,2360,633,57,690,727,196,23,71,13375,16905,16633,16441,12711,9783,0.5,25.9,46.7,26.9,499,5.3,7090,75.8,1764,18.9,341100,310900,392900,364700,462400,436500,426700,503100,600500,82.3,2.3,2.4,10.6,0.7,83170,103211,1906,27.5,7389,1766,79,18.9,27225,26286,9215,8854,2.94,2.96,77,73.3,3.38,3.5,18.9,22.4,1792,1748,2128,2232,1421,1559,1738,1799,2001,2075
"3635254","Holtsville","Suffolk",51,805,1070,851,1858,1151,733,165,159,0,239,823,1979,1822,486,150,435,442,157,21,0,13375,16905,16633,16441,12711,9783,0.8,22.9,50.1,26.1,289,4.2,5349,78.2,1205,17.6,309200,292100,376300,355800,445000,437600,414700,495900,584600,76.8,4.2,4.3,12.7,0,59075,101853,1642,33.4,5388,1455,78.8,21.3,20092,19365,6610,6554,3.03,2.95,78.4,75.1,3.47,3.47,17.9,21.7,1085,1392,1857,1948,1147,1273,1655,1522,1952,1792
"3636233","Huntington (hamlet)","Suffolk",156,245,329,445,592,1097,2284,623,1926,0,245,767,2040,2134,704,42,236,352,400,98,35,13375,16905,16633,16441,12711,9783,0.3,21.4,49,29.3,644,8.4,5890,76.5,1163,15.1,467400,459800,623200,598100,820000,735900,349200,455700,601400,88.9,1.2,3.2,5.9,0,67750,120475,1993,35.3,6400,1289,83.2,16.7,18580,17341,7051,7053,2.61,2.44,70.6,62.7,3.14,3.1,23.8,31.3,NA,1497,2125,2599,1205,1272,1600,1816,2010,2439
"3637022","Huntington Bay","Suffolk",15,14,9,17,69,112,86,47,227,0,0,9,141,184,153,0,0,3,3,13,16,13375,16905,16633,16441,12711,9783,1.7,9.8,45.8,42.7,74,12.4,487,81.7,35,5.9,843700,832700,1078800,1137000,1078800,1643500,666400,893700,1151500,95.5,0.2,2.2,0.9,0.5,113750,185833,NA,NA,578,18,97,3,1453,1366,569,522,2.55,2.62,81.4,79.3,2.85,2.95,16,15.3,NA,NA,NA,NA,1282,NA,1888,NA,2159,NA
"3637044","Huntington Station","Suffolk",195,406,291,397,1168,2589,3985,1133,1302,30,104,976,3297,2284,664,81,798,908,652,181,42,13375,16905,16633,16441,12711,9783,0.6,30.3,49.4,19.7,1449,12.6,7355,64.1,2662,23.2,322000,302700,394800,367600,478300,450300,219200,267000,331000,47.2,8.2,3.1,39.1,0,51233,89472,1751,41,9266,2200,80.8,19.2,33224,33259,10390,10017,3.18,3.3,73.9,74.6,3.59,3.72,20.6,20.2,929,1365,1797,1995,1099,1122,1364,1582,1940,1960
"3637840","Islandia","Suffolk",0,78,116,119,224,425,33,12,62,0,77,85,348,235,126,0,21,7,35,21,5,13375,16905,16633,16441,12711,9783,0.5,32.4,44.3,22.8,109,10.2,871,81.5,89,8.3,275900,257300,341400,317400,417700,384600,203300,234500,265400,44.1,10.5,10,29.8,0,91750,95379,1947,25.5,930,119,87,11.2,3336,3345,1005,960,3.26,3.4,75.4,73.4,3.83,4.05,18.8,22,NA,1667,NA,NA,1676,1623,1925,1784,2159,1945
"3637847","Island Park","Nassau",31,59,50,166,99,251,597,151,367,0,0,254,463,222,77,30,128,188,189,37,22,7786,10899,11766,8916,3510,3579,0.5,31.2,38.8,29.5,161,9.1,1016,57.4,594,33.5,334400,319400,407400,385000,558200,470300,220900,270400,334500,60.9,0.2,2.6,35.7,0.1,61667,88882,1695,33,1020,751,57.5,42.5,4661,4807,1691,1610,2.66,2.87,68.3,65,3.24,3.41,28.5,25.2,NA,1493,1664,2050,1087,1025,1520,1375,1880,1764
"3637869","Islip (hamlet)","Suffolk",41,222,457,471,939,1409,1332,300,1234,0,307,564,2335,1481,471,18,184,411,73,66,24,13375,16905,16633,16441,12711,9783,0.5,24.2,48.1,27.2,471,7.4,5158,80.5,776,12.1,334000,306300,396500,369000,496300,454400,213600,251700,323400,76.8,4.5,1.8,15.7,0,49439,105142,1478,35.9,5104,1287,79.6,20.1,18563,17921,6334,5934,2.92,3.01,74.6,72.7,3.46,3.54,21.1,22,NA,1267,1496,2071,1267,1187,1607,1388,1934,1757
"3638539","Jericho","Nassau",37,202,262,724,302,1256,1975,85,47,0,48,68,1693,1762,357,0,378,204,102,47,23,7786,10899,11766,8916,3510,3579,0.5,26.4,50,23.1,208,4.3,3928,80.3,754,15.4,598600,601900,727900,772900,899700,930900,437900,563300,692900,60,1.5,32.8,2.8,0,81471,161771,2044,30.1,4226,642,86.4,13.1,13386,13827,4566,4682,2.91,2.92,81,83,3.27,3.26,15.1,15.1,NA,1894,2317,1982,1425,1644,1767,1928,2159,2358
"3639309","Kensington","Nassau",6,18,11,14,55,77,32,22,234,3,19,60,40,111,158,0,3,13,2,6,6,7786,10899,11766,8916,3510,3579,0,14,36.6,49.4,48,10.2,391,83.4,30,6.4,978600,804400,1078800,1360600,1078800,1872800,801100,1020200,1302300,82.7,0.3,14.4,2.4,0,NA,171250,2583,NA,339,130,72.3,27.8,1125,1184,397,421,2.83,2.81,78.1,76.5,3.34,3.33,21.2,23.5,NA,NA,NA,NA,NA,1653,NA,2583,NA,3501
"3639672","Kings Park","Suffolk",5,358,503,778,1096,2011,1143,377,337,24,156,230,2335,1708,424,30,370,374,249,114,57,13375,16905,16633,16441,12711,9783,0.5,22.9,44.7,32,537,8.1,4877,73.8,1194,18.1,371800,360200,454100,437200,522000,498400,265500,323100,395800,86.5,1.4,4.6,6.2,0,44598,103666,1504,40.5,5547,1036,83.9,15.6,17657,16707,6128,6071,2.82,2.69,75.2,70.7,3.32,3.29,21.7,26.1,NA,1302,1710,2071,854,1160,1249,1405,1511,1850
"3639694","Kings Point","Nassau",18,107,112,90,144,244,376,60,348,0,0,0,195,544,525,0,0,0,14,16,12,7786,10899,11766,8916,3510,3579,1,16.2,43.5,39.4,193,12.9,1264,84.3,42,2.8,1078800,1610500,1078800,2000001,1078800,2000001,1283200,1458200,1458200,93.3,1,1.3,1.8,0,NA,123750,NA,NA,1499,0,100,0,5016,5187,1347,1306,3.21,3.52,91.2,89.8,3.38,3.79,7.3,8.7,NA,NA,NA,NA,515,NA,689,NA,955,NA
"3640530","Lake Grove","Suffolk",52,563,375,254,804,1139,475,260,136,0,34,609,1068,1267,318,41,248,168,80,40,21,13375,16905,16633,16441,12711,9783,0.6,27.6,41.8,29.9,164,4,3296,81.2,598,14.7,337900,328000,409200,399300,500600,489200,225300,275900,356100,81.3,1.3,6.8,8.1,0,61681,105709,1840,35.8,3538,513,87.2,12.6,11176,11130,3631,3894,3.07,2.85,79.2,76.4,3.49,3.34,17.7,21.7,NA,1795,1930,1915,1369,1522,1541,1734,2057,1945
"3640838","Lake Ronkonkoma","Suffolk",74,386,599,467,1692,1370,1557,524,495,19,101,566,2019,2065,229,172,650,445,325,108,71,13375,16905,16633,16441,12711,9783,2,27,42.5,28.6,394,5.5,4999,69.8,1771,24.7,314000,293900,379600,352000,451700,416800,436300,531100,635900,77,3.5,5.4,12.5,0.1,32688,93158,1472,54,5904,1235,82.5,17.3,19800,20780,6723,6770,2.87,3.02,71.9,71.5,3.46,3.63,23.6,24.4,NA,973,1771,1688,1008,822,1359,1385,1707,1814
"3640937","Lake Success","Nassau",32,52,35,32,9,129,280,176,99,0,0,29,235,306,177,0,0,0,11,8,0,7786,10899,11766,8916,3510,3579,0,17.6,55.2,27.2,78,9.2,747,88.5,19,2.3,982700,945300,1078800,1192800,1078800,1636300,774700,964300,1221800,44.3,7.7,41.5,4.2,0.5,NA,190500,3501,NA,840,4,99.5,0.5,2966,3102,827,766,2.93,3.37,89.6,90.5,3.1,3.55,10,7.8,NA,NA,NA,NA,NA,NA,NA,3501,NA,3501
"3641432","Lattingtown","Nassau",6,18,18,57,75,86,223,38,216,0,4,24,176,185,157,0,3,22,25,28,8,7786,10899,11766,8916,3510,3579,0,14.4,43.7,41.9,105,14.2,546,74.1,86,11.7,869100,773900,1078800,1059200,1078800,2000001,663000,1055400,1458200,92.1,0,2.7,3.7,0,76500,145625,2188,34.3,724,13,98.2,1.7,1850,1827,613,632,2.99,2.88,84.8,75.2,3.29,3.28,14.5,21.5,NA,NA,2750,697,1733,NA,2095,2068,2159,2688
"3641487","Laurel Hollow","Nassau",22,56,55,61,61,154,135,17,66,4,8,19,48,189,280,0,0,0,16,4,15,7786,10899,11766,8916,3510,3579,0,20.9,49.4,29.7,44,7,548,87.4,35,5.6,1078800,1048200,1078800,1448900,1078800,2000001,959300,1308300,1458200,88.1,3.1,3.6,4.2,0,NA,250001,2875,NA,627,0,100,0,1731,1993,530,583,3.15,3.26,87.7,83.2,3.4,3.62,9.6,16.1,NA,NA,NA,NA,NA,2232,NA,2597,NA,2799
"3641553","Lawrence","Nassau",149,111,30,125,232,475,367,265,638,0,116,235,256,468,791,0,73,50,49,0,124,7786,10899,11766,8916,3510,3579,0.9,23.5,35.4,40.2,230,9.6,1866,78,296,12.4,664100,613600,968600,916500,1078800,1508900,623700,846500,1085000,96.3,0.4,2.1,1.3,0,46522,142500,1692,43.6,1683,709,70.4,29.5,6504,6535,2045,2162,3.18,3.02,82.1,70.4,3.63,3.78,16.8,27.3,NA,1371,NA,NA,1504,1173,1845,1377,2123,1659
"3642081","Levittown","Nassau",38,134,88,140,340,601,9159,5747,543,18,226,1259,6346,5929,1431,156,204,301,282,124,115,7786,10899,11766,8916,3510,3579,0.3,22.3,48.5,28.9,399,2.4,15209,90.6,1182,7,343500,326500,393500,384300,458800,455200,241300,276600,326300,73.5,1,6.5,16.8,0,78964,119426,2066,31.4,15715,1046,93.6,6.2,53253,51539,16785,16391,3.17,3.14,83.6,81.4,3.5,3.47,14.2,15.3,NA,1649,2210,2390,1310,1331,1796,1952,2159,2322
"3642554","Lindenhurst","Suffolk",78,349,112,389,840,2115,3241,988,1432,45,197,1125,2719,2246,728,143,436,663,343,138,56,13375,16905,16633,16441,12711,9783,0.8,24.7,50.8,23.7,705,7.4,7060,74,1779,18.6,329900,307400,380900,355100,432800,407700,208800,244200,283500,75.4,3.3,1.8,18.1,0.1,50694,92178,1570,37.2,7966,1578,83.5,16.5,27278,27053,8983,8839,3.03,3.06,76.7,75.2,3.48,3.53,18.6,20.7,NA,1428,1712,1731,1067,1143,1324,1444,1775,1806
"3643005","Lloyd Harbor","Suffolk",35,100,114,174,94,334,322,18,279,0,8,41,89,483,532,0,6,6,26,35,8,13375,16905,16633,16441,12711,9783,0,9.5,59.6,31,236,16.1,1153,78.4,81,5.5,1078800,997300,1078800,1498600,1078800,2000001,991700,1335400,1458200,91.4,0.3,3.8,3.5,0,NA,215962,1192,NA,1470,0,100,0,3670,3676,1085,1234,3.34,2.95,88.2,88.8,3.62,3.11,10.8,11.2,NA,NA,NA,NA,NA,838,NA,877,NA,950
"3643874","Lynbrook","Nassau",39,199,273,124,309,1026,1426,746,3366,114,353,696,2640,1114,338,262,562,613,288,170,18,7786,10899,11766,8916,3510,3579,0.1,24.5,44.5,30.9,340,4.5,5255,70,1913,25.5,353000,350000,444000,441300,521300,524700,277900,325300,380200,69.4,2.9,2.7,22.4,0,56182,97206,1758,37.5,4561,2947,60.7,39.2,19461,19552,7121,7168,2.73,2.72,68.7,70.3,3.42,3.32,27.2,26.6,1635,1323,1960,1720,1189,1256,1589,1687,2030,2130
"3644787","Malverne","Nassau",13,42,19,54,12,369,682,651,1333,7,35,279,1911,629,146,0,23,35,39,4,0,7786,10899,11766,8916,3510,3579,0,17.6,42.2,40.2,67,2.1,3007,94.7,101,3.2,414700,370500,482000,444600,547400,522300,297500,352200,421300,76.4,7,3.9,7.4,0.1,72604,119500,1542,25.5,3011,155,94.8,4.9,8529,8535,3033,3108,2.81,2.74,74.4,77.9,3.28,3.18,19.9,18,NA,NA,NA,NA,964,NA,1406,1520,2159,1860
"3645106","Manorhaven","Nassau",112,106,361,283,332,819,579,30,176,0,97,170,441,85,81,28,154,604,744,53,0,7786,10899,11766,8916,3510,3579,4.4,31.5,42.9,21.2,341,12.2,874,31.2,1583,56.6,406800,377700,563000,582800,733400,821200,288100,385500,519000,51,0.7,20.5,24.8,0.9,78618,89492,2303,35.2,939,1859,33.6,66.6,6584,6620,2377,2457,2.77,2.69,67.9,68.8,3.37,3.18,24.7,22.9,NA,1406,2422,2310,1680,1677,2021,2148,2159,2465
"3645139","Manorville","Suffolk",42,1009,1913,898,758,144,185,69,157,14,142,884,1245,1406,292,133,456,289,65,0,0,13375,16905,16633,16441,12711,9783,0.8,22.9,48.1,28.2,249,4.8,3983,77,943,18.2,332100,287800,452500,416000,538300,552400,209700,281400,367500,82.3,3.3,1.6,10.4,0,39034,96160,1722,52.9,4164,974,80.5,18.8,14096,14405,4839,4926,2.89,2.91,76,69.2,3.42,3.6,20.7,26.3,1137,1648,2092,NA,1361,1280,1500,1573,1700,1897
"3645986","Massapequa","Nassau",95,121,122,135,361,1274,3594,1122,787,0,54,475,3062,2374,844,8,27,168,89,81,9,7786,10899,11766,8916,3510,3579,0,20.2,47.1,32.7,420,5.5,6809,89.5,382,5,431600,417800,536600,510200,721800,669900,308300,383100,516800,91.6,0.6,1.6,5.6,0.3,77910,123935,1824,28.1,7264,347,95.4,4.6,21877,21861,7207,7191,3.03,3.04,79.8,81.9,3.45,3.38,17.1,14.4,NA,1419,1226,2263,1258,1005,2159,1619,2159,2350
"3645997","Massapequa Park","Nassau",10,90,76,147,325,666,4060,408,200,16,26,323,2585,1898,673,0,0,30,50,61,7,7786,10899,11766,8916,3510,3579,0,20.9,46.8,32.3,313,5.2,5521,92.3,148,2.5,416000,395800,482600,460800,549900,586600,295300,343700,410600,89.8,0.2,2,6.6,0,NA,125206,2288,NA,5872,103,98.2,1.7,17065,17120,5500,5669,3.1,3.02,82.1,84.6,3.49,3.32,15.3,14,NA,NA,NA,2054,1126,2055,1798,2231,2159,2407
"3646074","Mastic","Suffolk",40,369,532,599,1550,333,747,198,206,0,43,288,1861,874,158,58,52,179,344,158,64,13375,16905,16633,16441,12711,9783,1.9,31.9,45.8,20.3,495,10.8,3224,70.5,855,18.7,215400,186800,282300,240200,353000,296600,273400,325300,443300,64.6,8.7,1,24,0.4,42135,79842,1985,56.5,4379,174,95.8,3.8,16875,14678,5180,4079,3.25,3.59,79.1,82.4,3.6,3.97,14.9,13.9,NA,NA,1328,1973,877,1325,1453,1580,1790,1903
"3646085","Mastic Beach","Suffolk",102,383,260,541,1050,759,918,440,462,25,49,625,1580,552,132,0,168,369,507,70,40,13375,16905,16633,16441,12711,9783,2.8,30.2,47.5,19.4,798,16.2,2963,60.3,1154,23.5,177700,166900,227400,212200,294300,268000,123100,143000,176200,74.8,5.2,1.5,16.3,0.4,42177,66190,1791,51,4691,224,95.4,4.5,15547,11953,4827,4117,3.22,2.9,81.9,66.8,3.48,3.53,13.6,19.7,NA,1648,1664,1965,1378,1158,1542,1555,1831,1795
"3646107","Matinecock","Nassau",15,20,10,8,12,55,63,24,106,0,5,3,38,36,142,3,12,0,22,5,7,7786,10899,11766,8916,3510,3579,0,13.2,60.4,26.4,40,12.8,224,71.6,49,15.7,1078800,1160700,1078800,2000001,1078800,2000001,1009800,1458200,1458200,92.6,0,2.1,4.2,0,89375,175662,1750,23.5,305,8,97.4,2.6,845,897,287,273,2.94,3.29,79.1,89.4,3.39,3.44,18.8,8.8,NA,NA,NA,2571,1032,1099,2159,NA,2159,2736
"3646404","Medford","Suffolk",219,726,737,966,3253,1543,413,211,260,42,296,815,3209,1899,593,11,347,340,267,112,25,13375,16905,16633,16441,12711,9783,0,25.2,48.3,26.5,372,4.5,6854,82.3,1102,13.2,267100,248300,328600,311200,409200,384500,181000,212300,248800,69,5.6,2.4,21.6,0,60444,94485,1965,39,7304,987,87.7,11.8,24830,24247,7943,7956,3.09,3,75.7,71.3,3.56,3.6,19.1,24.9,NA,1692,2053,2182,961,1256,1494,1680,1917,1932
"3646514","Melville","Suffolk",313,2128,960,457,573,1382,1413,173,105,14,127,1261,1830,1639,915,42,348,246,237,22,0,13375,16905,16633,16441,12711,9783,0.6,16.2,42,41.2,823,11,5786,77.1,895,11.9,469900,459200,694300,641700,976300,880100,365900,491100,689900,81.1,2.4,8.9,5.6,0,60223,124116,2276,45.4,5845,1659,77.8,22.2,19717,17872,6926,6681,2.77,2.62,78,74.1,3.17,3.1,20,21.3,NA,2438,2380,2153,1146,1327,1998,2095,2159,2826
"3646668","Merrick","Nassau",184,178,118,153,346,1729,2157,716,1750,0,119,308,2523,2803,783,0,69,74,82,116,29,7786,10899,11766,8916,3510,3579,0,21.7,49.2,29.1,425,5.8,6536,89.2,370,5,437700,447000,559900,562500,728200,699800,317500,419700,556400,87.6,2.5,2.9,5.9,0.2,98828,154770,2177,26.4,7099,232,96.8,3.2,21208,19966,7033,6906,3.01,2.89,87.2,83.5,3.25,3.19,11.1,13.5,NA,1368,NA,2471,1206,1557,1714,1810,2159,2639
"3646976","Middle Island","Suffolk",99,518,781,769,1349,334,411,120,68,7,233,976,1171,642,35,43,395,472,89,79,4,13375,16905,16633,16441,12711,9783,1.8,26.1,38.4,33.7,303,6.8,3064,68.9,1082,24.3,205700,182100,295100,267900,387000,349300,157800,206200,253100,71.4,11.7,2.9,12.7,0.1,41779,70288,1664,47.8,2867,1582,64.5,35.5,9849,10216,4058,4146,2.35,2.39,62.3,58.6,2.98,3.16,31.5,37.5,NA,1449,1723,1793,1115,1278,1367,1570,1547,1845
"3647306","Miller Place","Suffolk",122,652,263,669,1076,693,508,137,146,20,95,173,1355,1673,303,0,86,76,39,0,0,13375,16905,16633,16441,12711,9783,0,22.5,48.5,29.1,446,10.5,3619,84.8,201,4.7,398300,352600,483800,433500,596800,550500,235200,289600,380900,88.8,0.2,2.2,7.9,0,40066,122500,1427,42.7,4071,195,95.4,4.5,11683,11755,3977,3820,2.92,3.06,81.4,79.5,3.31,3.48,17,15.3,NA,1366,1362,NA,1093,1106,1237,1298,1758,1553
"3647405","Mill Neck","Nassau",6,23,36,32,22,65,94,39,93,0,3,17,88,101,107,0,5,13,0,5,2,7786,10899,11766,8916,3510,3579,0,14.7,53.4,32,69,16.8,316,77.1,25,6.1,747400,809500,1078800,1428600,1078800,2000001,611900,1084300,1458200,79.7,0,12,5.7,0,79375,204083,2643,40,410,0,100,0,922,1011,353,341,2.61,2.96,79.9,85.9,2.94,3.18,17.6,13.2,NA,NA,2750,NA,1270,1196,1888,2200,2159,2708
"3647636","Mineola","Nassau",158,108,126,319,286,1138,2569,1087,1870,73,577,614,1970,1420,205,44,1267,709,299,255,23,7786,10899,11766,8916,3510,3579,0.7,34.7,37.4,27.2,205,2.7,4859,63.4,2597,33.9,373600,360900,474400,472100,544500,606900,688700,761200,838000,68.3,2.3,9.1,18.7,0.1,78960,96250,1627,24.7,4745,2889,61.9,37.7,18822,19132,7239,7456,2.6,2.57,66.8,64.8,3.23,3.26,28.9,31.4,1225,1498,1659,2140,1168,1123,1519,1565,1907,1961
"3649066","Mount Sinai","Suffolk",24,1125,337,360,1334,343,186,143,262,15,138,750,1366,1241,274,21,57,83,65,10,4,13375,16905,16633,16441,12711,9783,1.6,17.1,45.1,36.2,90,2.2,3784,92,240,5.8,396100,353700,493900,453100,644400,611600,262900,330900,427300,79.9,0.8,3.8,13.5,1,38087,122273,883,27.8,3803,307,92.5,7.4,11750,11529,4172,4024,2.81,2.86,79.1,78,3.24,3.3,19.5,18.9,NA,NA,NA,1413,1562,583,1952,883,2159,1491
"3649231","Munsey Park","Nassau",18,0,9,4,34,62,151,151,379,0,0,6,183,387,167,0,0,0,10,9,28,7786,10899,11766,8916,3510,3579,0,22,50.3,27.7,18,2.2,743,92,47,5.8,1078800,1182700,1078800,1533900,1078800,1740300,857300,1024100,1243400,84.1,0,10.2,3.6,0,250001,250001,1716,8.2,800,3,99,0.4,2683,2719,747,790,3.59,3.44,93.8,93,3.72,3.6,6.2,6.5,NA,NA,NA,NA,NA,NA,NA,1716,NA,1858
"3649330","Muttontown","Nassau",70,119,109,203,250,254,210,4,104,0,0,19,91,372,672,0,0,25,13,0,17,7786,10899,11766,8916,3510,3579,2,13.6,53.8,30.6,114,8.6,1154,87.2,55,4.2,1078800,1174700,1078800,1613700,1078800,2000001,921000,1211900,1458200,68.3,4.8,23.1,1.8,0,178750,220694,NA,NA,1310,13,99,1,3555,3655,1054,1209,3.26,3.02,91.5,88.8,3.43,3.17,6.7,6.3,NA,NA,NA,NA,1185,NA,1421,NA,1720,NA
"3649825","Nesconset","Suffolk",40,608,567,430,1260,1081,425,232,172,0,168,280,1434,1765,441,30,232,133,91,35,0,13375,16905,16633,16441,12711,9783,0,21.4,50.2,28.5,206,4.3,4088,84.9,521,10.8,414900,401600,503400,456300,655800,545900,297200,353000,417600,87.5,1.1,3.2,7.3,0,63750,121670,2123,40,4365,450,90.7,9.3,13790,13893,4457,4609,3.03,2.96,81.5,82.3,3.44,3.33,16.3,16.1,NA,1927,2561,2285,1145,1592,1462,2000,1942,2649
"3650067","New Cassel","Nassau",117,209,397,123,194,615,1207,394,210,10,85,96,758,679,434,65,198,339,284,226,116,7786,10899,11766,8916,3510,3579,2.5,32.1,41.1,24.3,176,5.1,2062,59.5,1228,35.4,291300,283900,356500,339000,423600,391900,200400,241500,285100,6.4,38.6,1.2,52.6,0.1,40536,88750,1533,45.4,2648,818,76.4,23.6,13932,14648,3109,3290,4.47,4.45,84.6,80.5,4.61,4.84,14.2,17.1,NA,1122,1451,2044,640,1003,1188,1293,2038,2006
"3650397","New Hyde Park","Nassau",0,84,28,48,152,292,1085,580,606,0,15,107,976,970,231,15,142,199,96,47,0,7786,10899,11766,8916,3510,3579,0.5,27.9,50.1,21.5,77,2.7,2299,80,499,17.4,435800,440600,510800,547800,647300,670200,617000,715800,834100,40.7,0.8,33.9,21.9,0,81458,126210,1669,24.6,2524,351,87.8,12.1,9730,9846,3248,2798,2.99,3.52,73.1,87.5,3.55,3.81,21.4,10.2,NA,1465,1419,2188,1040,1188,1408,1580,1621,1960
"3651286","Nissequogue","Suffolk",4,50,96,164,112,102,37,3,103,0,3,0,112,239,154,0,0,0,6,4,0,13375,16905,16633,16441,12711,9783,1.2,7.9,56.9,34,153,22.8,508,75.7,10,1.5,853800,804700,1035500,992600,1078800,1314300,651400,859200,1100200,89,2.4,1.1,5.5,1.5,NA,178000,2333,NA,663,5,98.8,0.7,1645,1574,541,518,2.94,2.98,86.9,85.7,3.14,3.2,8.1,12.9,NA,NA,NA,NA,1672,1458,1888,2333,2104,3501
"3651396","North Amityville","Suffolk",131,466,590,533,841,1304,1040,316,206,0,161,497,1042,886,522,130,872,174,391,158,119,13375,16905,16633,16441,12711,9783,0.2,23.8,48.6,27.3,475,8.8,3108,57.3,1844,34,231100,223300,323800,288800,419400,367300,164600,206200,243400,6.6,55.2,1.9,34.3,0,37664,73512,1366,43.5,3745,1437,69,26.5,19502,18817,5407,4952,3.57,3.76,73.9,68.4,4.22,4.75,23.2,26.9,NA,1323,1395,NA,971,707,1334,1240,1657,1712
"3651440","North Babylon","Suffolk",14,102,113,318,569,1333,3017,418,99,8,299,461,2093,1360,450,82,365,202,234,82,10,13375,16905,16633,16441,12711,9783,0.2,27.3,44.7,27.8,337,5.6,4671,78.1,975,16.3,315300,304800,372600,347000,425800,389300,213800,249600,293400,72,6.6,2.5,16.6,0.1,80609,99722,2001,29.8,4895,1088,81.8,18.1,17079,16739,6027,5646,2.82,2.95,76.2,70.4,3.24,3.46,20,22.6,1700,1816,2073,2245,1310,1463,1588,1776,1982,2119
"3651495","North Bay Shore","Suffolk",62,188,445,446,539,1498,1275,117,149,3,16,181,1730,761,528,18,187,257,289,220,157,13375,16905,16633,16441,12711,9783,0.6,33.2,46,20.2,372,7.9,3219,68.2,1128,23.9,244400,255100,311600,298000,381500,364500,180800,205800,237000,12.7,15.3,1.7,65,0.1,69091,87770,1613,28,4078,624,86.5,13.2,20064,21045,4751,4347,4.22,4.83,85.2,89.1,4.47,4.94,11.6,9.6,NA,1106,1524,1657,1052,1104,1428,1441,1777,1894
"3651517","North Bellmore","Nassau",196,143,86,284,543,857,3148,486,887,0,116,385,2826,1919,485,18,287,186,191,18,38,7786,10899,11766,8916,3510,3579,1.3,25.4,48.8,24.5,161,2.4,5731,86.4,738,11.1,383500,4e+05,461300,468300,528300,590700,272400,326100,389300,82.2,1.2,6.7,8.4,0,NA,133279,1608,NA,6015,615,90.7,9.4,20210,20269,6485,6469,3.1,3.11,79.9,79.1,3.53,3.57,17.3,16.6,NA,1217,1598,2332,1638,1026,1888,1551,2138,2222
"3651528","North Bellport","Suffolk",28,868,445,335,1267,356,252,88,191,11,0,120,1089,659,135,0,161,540,692,123,0,13375,16905,16633,16441,12711,9783,1,36.5,47.3,15.2,300,7.8,2014,52.6,1516,39.6,239800,204600,306500,277000,376600,355300,143000,188700,227800,38.6,24.2,2.1,33.4,0,45987,66364,2143,55.9,3200,608,83.5,15.8,11404,11593,3551,3530,3.19,3.28,81.3,76.6,3.61,3.73,15.8,17.8,NA,1799,2100,2241,1550,1584,1891,1846,2159,2150
"3652188","North Haven","Suffolk",26,150,67,75,101,172,140,30,59,0,3,26,160,112,62,0,0,6,7,7,0,13375,16905,16633,16441,12711,9783,0,11.2,51.4,37.3,437,53.3,363,44.3,20,2.4,872600,796200,1078800,1172500,1078800,2000001,392400,589600,1066700,98.5,0,0,1.5,0,125000,138359,NA,NA,811,7,98.9,0.9,967,919,390,383,2.48,2.4,71.8,64.8,2.91,2.96,19.2,28.2,NA,NA,NA,3501,1929,1323,2159,NA,2159,3406
"3653022","North Hills","Nassau",0,505,453,1190,563,42,83,0,20,0,32,595,981,481,220,97,120,99,17,16,0,7786,10899,11766,8916,3510,3579,0,8.2,30.7,61,198,6.9,2309,80.8,349,12.2,719800,724800,1058300,981400,1078800,1519200,708200,961100,1327300,65.7,2.6,29.4,1.4,0,53665,137423,1557,34.8,2385,471,83.5,16.4,5093,5639,2400,2658,2.11,2.11,64.5,69.1,2.68,2.57,32.8,28.9,1677,960,NA,NA,774,967,1698,1557,2159,NA
"3653198","North Lindenhurst","Suffolk",45,87,128,174,530,592,1826,209,208,20,59,378,1062,529,285,62,582,406,170,28,0,13375,16905,16633,16441,12711,9783,2,28.1,49.7,20.3,218,5.7,2333,61.4,1248,32.9,324600,285200,376400,330900,428200,376700,197000,227000,253700,68.1,8.4,2.8,18.6,0,43438,73393,1461,40.4,2708,1091,71.2,28.7,11818,10584,3736,3581,3.15,2.95,76.7,72.4,3.71,3.42,21.7,21.9,NA,1382,1825,2018,1250,1212,1439,1374,1666,1567
"3653253","North Massapequa","Nassau",48,22,82,139,157,867,4810,251,138,9,26,490,3015,1938,439,15,52,95,80,17,13,7786,10899,11766,8916,3510,3579,0.2,21.9,48.3,29.6,325,5,5917,90.8,272,4.2,383500,383200,457100,443500,519800,495500,290800,335700,390100,92,1,1.4,4.5,0,89318,118401,1827,24.5,6294,183,96.6,2.8,18651,18609,6185,6189,3.01,3,81.4,81.2,3.37,3.35,16.1,16.2,NA,1350,1877,2213,1000,1352,1360,1746,1823,2149
"3653264","North Merrick","Nassau",70,171,83,201,263,471,1586,874,282,11,31,331,1568,1472,330,11,31,30,8,37,24,7786,10899,11766,8916,3510,3579,0,25.9,48.9,25.3,117,2.9,3743,93.6,141,3.5,418700,398500,487000,482900,579400,622700,294600,342100,402500,80.1,4.3,5.2,8.8,0,125852,129058,3059,29.2,3750,226,93.7,5.6,11816,12232,3822,3884,3.09,3.14,85,85.7,3.37,3.45,11.6,11.9,NA,NA,2273,NA,1238,1668,2017,2663,2159,3232
"3653275","North New Hyde Park","Nassau",63,21,105,9,69,245,1288,2403,712,9,70,408,1811,1841,293,0,13,44,190,94,17,7786,10899,11766,8916,3510,3579,0.6,23,44.9,31.4,125,2.5,4432,90.2,358,7.3,471900,476400,566500,595000,704200,710400,327200,388500,453400,50.1,1.4,36.3,10.2,0.2,91625,123464,1947,25.5,4726,176,96.1,3.6,14581,15726,4622,4790,3.15,3.28,85,86.8,3.48,3.54,13.5,12.4,NA,NA,NA,1826,1936,1533,2159,1918,2159,2590
"3653396","Northport","Suffolk",0,36,75,251,409,595,501,246,1182,0,87,237,1028,804,179,0,225,221,189,29,0,13375,16905,16633,16441,12711,9783,0,22.8,46.9,30.3,296,9,2335,70.9,664,20.2,477000,465500,598600,610700,789300,749100,355700,450700,587400,92.7,1.9,0.6,3.9,0,75921,115068,1588,25.1,2754,513,83.6,15.5,7405,7348,2773,2999,2.65,2.43,70.8,67.2,3.18,3.02,22.4,28.4,NA,1530,1460,3245,1017,1162,1340,1535,1982,2181
"3653748","North Valley Stream","Nassau",262,129,77,204,211,467,2207,1752,446,0,232,616,1692,1864,524,0,161,168,273,27,13,7786,10899,11766,8916,3510,3579,0.3,22.4,48.2,29.2,185,3.2,4928,85.6,642,11.2,347100,318000,417700,376900,503300,458900,264400,302400,351000,15.6,47.8,12.7,17.4,0.2,73750,113355,1828,29.7,5017,730,87.2,12.7,16817,19202,5229,5570,3.2,3.43,83,79.5,3.58,3.85,14.1,15.6,NA,1442,NA,2741,1201,1409,1564,1713,1886,2304
"3653792","North Wantagh","Nassau",3,47,18,253,164,213,3011,368,113,0,51,395,1903,1113,394,85,52,40,61,8,10,7786,10899,11766,8916,3510,3579,0,21.7,41.8,36.5,78,1.9,3856,92,256,6.1,367700,362100,423900,428900,495000,483500,274300,314100,357800,84.5,0.3,2.5,11.3,0.1,32222,126029,1011,37.7,3972,212,94.8,5.1,11742,11802,4157,4112,2.82,2.87,78.1,77.3,3.26,3.32,18.5,19.8,270,794,1780,NA,447,NA,1030,914,2159,2048
"3654430","Ocean Beach","Suffolk",5,48,16,53,51,70,48,72,262,0,0,2,1,7,4,0,0,0,0,0,0,13375,16905,16633,16441,12711,9783,0,0,64.3,35.7,611,97.8,14,2.2,0,0,630900,9999,818100,750000,993400,1104200,255200,364600,417600,100,0,0,0,0,NA,NA,NA,NA,583,33,93.3,5.3,81,24,39,14,2.08,1.71,53.8,42.9,2.81,2.67,38.5,57.1,NA,NA,NA,NA,NA,NA,NA,NA,NA,NA
"3654441","Oceanside","Nassau",23,196,273,808,638,1836,4029,1173,2093,3,317,842,4319,3262,668,35,391,293,328,115,45,7786,10899,11766,8916,3510,3579,0.6,23,46.2,30.2,451,4.1,9411,85,1207,10.9,386000,374200,473000,459100,557600,589100,289000,352000,428900,85,0.7,2.3,11.4,0.3,35513,114938,1410,47.6,9488,1581,85.7,14.3,30097,31185,10794,10618,2.77,2.92,77.1,78.7,3.23,3.37,21.1,18.6,NA,1092,1613,1690,1022,1044,1413,1317,1835,1752
"3654562","Old Brookville","Nassau",23,56,32,105,94,62,97,39,127,0,0,10,50,164,275,0,4,7,0,11,29,7786,10899,11766,8916,3510,3579,4,14.9,51.3,29.8,85,13.4,499,78.6,51,8,1078800,1300900,1078800,1735700,1078800,2000001,931500,1417500,1458200,78.3,1.8,16.8,1.4,0,27625,209375,2607,113.2,609,20,95.9,3.1,2661,1695,795,550,3.35,3.08,87.8,83.6,3.61,3.43,10.4,15.1,NA,NA,NA,NA,1461,1698,1618,2607,2159,3501
"3654617","Old Field","Suffolk",0,23,46,56,44,52,29,12,70,0,2,11,52,102,111,0,5,5,0,11,2,13375,16905,16633,16441,12711,9783,0.7,16.6,50.5,32.2,31,9.3,278,83.7,23,6.9,941800,776800,1078800,1030200,1078800,1523400,720900,969100,1264700,85,1.2,11.3,1.4,0,94375,208438,NA,NA,332,0,100,0,898,812,320,301,2.77,2.66,82.8,83.7,3.12,2.85,16.6,13.3,NA,NA,NA,NA,NA,NA,NA,NA,NA,3501
"3654705","Old Westbury","Nassau",52,99,147,176,135,140,268,41,171,0,0,15,151,363,500,0,22,5,32,12,0,7786,10899,11766,8916,3510,3579,0,18.8,56.5,24.7,129,10.5,1029,83.7,71,5.8,1078800,1122400,1078800,1963500,1078800,2000001,2155500,2916400,2916400,66.1,7.5,17.2,5.5,0.1,235859,190156,1327,6.8,1212,17,98.6,1.4,4648,4742,921,1100,3.14,3.14,89.1,84.1,3.32,3.43,9.7,13.5,NA,NA,NA,NA,1208,906,1431,988,2159,2182
"3656011","Oyster Bay Cove","Nassau",16,44,60,155,202,104,43,39,116,0,0,0,114,305,289,0,0,18,9,3,0,7786,10899,11766,8916,3510,3579,1.4,12.6,54.9,31.2,41,5.3,708,90.9,30,3.9,1078800,1087800,1078800,1506800,1078800,2000001,1121600,1421600,1458200,78.5,2.4,11.6,6.8,0,90833,233750,NA,NA,756,9,97,1.2,2285,2170,684,738,3.34,2.94,87.6,90.8,3.51,3.07,7.3,7.5,NA,NA,NA,NA,1007,NA,1438,NA,2159,2625
"3656660","Patchogue","Suffolk",279,363,208,312,1578,711,781,328,1139,0,362,567,1168,459,135,281,1326,561,322,63,6,13375,16905,16633,16441,12711,9783,0.2,43.8,37.8,18.2,449,7.9,2691,47.2,2559,44.9,242400,234600,322000,312500,417700,374300,172700,208700,255200,60,4.4,2.8,30.2,0.9,38523,74752,1401,43.6,3189,2510,55.9,44,11902,12398,4633,5250,2.55,2.35,61,54.6,3.13,3.21,31.2,39.2,1400,1283,1518,2204,1149,895,1325,1338,1674,1754
"3658442","Plainview","Nassau",125,504,142,408,439,1640,5626,294,222,19,47,587,4216,2553,671,338,47,120,185,78,52,7786,10899,11766,8916,3510,3579,0,22.6,44.6,32.8,487,5.2,8093,86.1,820,8.7,453300,458000,536700,567200,694800,684400,348700,424500,523900,77.6,0.7,15.2,4.6,0.4,42083,143534,1708,48.7,8452,948,89.9,10.1,26093,25902,8959,8913,2.88,2.88,81.5,81.8,3.27,3.25,16.7,16.5,1098,NA,1788,2577,424,891,1493,1675,2159,2730
"3658475","Plandome","Nassau",12,7,8,10,17,23,71,60,210,0,0,6,58,160,168,0,0,0,0,0,3,7786,10899,11766,8916,3510,3579,0,14.2,57,28.9,23,5.5,392,93.8,3,0.7,1078800,1470000,1078800,2000001,1078800,2000001,965500,1332600,1458200,90.4,0,4.2,4.6,0,NA,250001,NA,NA,418,0,100,0,1444,1251,408,395,3.53,3.17,88.7,90.9,3.8,3.36,8.6,8.4,NA,NA,NA,NA,1868,NA,2159,NA,2159,NA
"3658486","Plandome Heights","Nassau",0,2,6,0,20,31,45,98,129,0,0,4,137,150,24,0,0,0,11,3,0,7786,10899,11766,8916,3510,3579,0,13.7,54.4,31.9,2,0.6,315,95.2,14,4.2,881700,958100,1014400,1145300,1078800,1365200,710600,874500,1034600,81.7,0,13.4,4.1,0,101667,214063,2750,32.5,331,0,100,0,995,949,318,329,3.13,2.88,83.3,86.3,3.49,3.15,13.5,13.7,NA,NA,NA,2250,NA,1813,NA,2750,NA,3125
"3658497","Plandome Manor","Nassau",17,8,15,5,15,48,92,28,51,3,0,3,43,78,128,0,0,0,2,0,2,7786,10899,11766,8916,3510,3579,0,22.4,43.6,34,20,7.2,255,91.4,4,1.4,1076500,1128100,1078800,1617500,1078800,2000001,936900,1214500,1458200,81.3,0,13.5,4.2,0,NA,213542,NA,NA,279,0,100,0,877,785,291,259,3.01,3.03,84.2,83.8,3.34,3.34,15.8,12.7,NA,NA,NA,NA,2159,NA,2159,NA,2159,NA
"3659157","Poquott","Suffolk",14,16,71,53,25,30,56,23,96,0,2,43,102,107,72,0,6,7,7,0,0,13375,16905,16633,16441,12711,9783,0,13,54,32.9,38,9.9,326,84.9,20,5.2,459000,414100,678400,638200,1045800,904200,293500,560500,934100,79.4,1.1,10.7,6.3,0,69167,183125,2063,35.8,376,8,97.9,2.1,937,992,354,346,2.65,2.87,66.9,74,3.27,3.33,27.7,15.9,NA,1625,2150,NA,1270,1656,1483,1938,1795,2219
"3659355","Port Jefferson","Suffolk",25,241,506,452,391,411,354,155,695,0,43,251,962,633,176,148,347,294,62,114,0,13375,16905,16633,16441,12711,9783,0.9,24.4,40.4,34.3,200,6.2,2065,63.9,965,29.9,434900,400600,551100,501700,711700,664300,290800,366200,483100,81.8,1.8,7.5,7,0,67969,108592,1794,31.7,2252,971,69.7,30.1,7767,7871,3038,3030,2.44,2.49,61.1,67,3.04,3,27.9,26.3,1282,1534,2240,2171,1357,1361,1524,1701,1811,2135
"3659520","Port Washington","Nassau",249,508,76,183,368,546,1419,824,2088,21,98,410,1824,1419,356,83,503,633,246,98,22,7786,10899,11766,8916,3510,3579,0.4,23.5,35.2,40.9,548,8.8,4128,65.9,1585,25.3,603500,607700,767900,796800,961800,966900,474800,606800,755100,74.1,2.1,9.2,13.7,0,67969,127813,1789,31.6,4382,1879,70,30,16136,15600,5748,5713,2.77,2.69,75.5,76.3,3.21,3.15,19.8,21.7,NA,1472,1864,2455,1098,1195,1717,1702,2133,2149
"3659531","Port Washington North","Nassau",0,309,10,30,224,412,167,6,100,0,8,93,218,385,26,83,174,85,60,97,0,7786,10899,11766,8916,3510,3579,0,20.3,35.1,44.7,29,2.3,730,58,499,39.7,643800,603200,804500,782600,945500,927900,540800,643600,717900,74.3,0.4,6.9,17.3,0,66838,109519,1874,33.6,825,433,65.5,34.4,3163,3209,1352,1229,2.33,2.6,61.8,69.4,3.07,3.22,34.2,29.9,1642,2030,1822,3045,1673,1328,1904,1780,2135,2311
"3660422","Quogue","Suffolk",30,201,172,329,226,180,252,43,255,0,10,16,90,93,51,0,21,23,20,12,0,13375,16905,16633,16441,12711,9783,0,11.6,47,41.4,1352,80.1,260,15.4,76,4.5,722400,784600,1030800,1093800,1078800,2000001,434000,656200,1082600,89.2,2.2,3.7,4.1,0,96458,80278,1630,20.3,1652,36,97.9,2.2,780,803,359,336,2.15,2.36,77.2,75.6,2.46,2.69,20.3,24.1,NA,1104,NA,NA,1612,1069,2159,1400,2159,2548
"3661665","Ridge","Suffolk",242,401,702,1395,2382,400,456,173,75,0,306,2046,1115,1082,244,30,234,403,166,31,12,13375,16905,16633,16441,12711,9783,0.5,18.2,33.7,47.7,557,8.9,4793,77,876,14.1,193500,206100,280000,284200,384600,369600,156900,207400,256400,80.2,6.2,4,8,0.3,46935,67365,1389,35.5,4851,1348,77.9,21.7,12882,13511,5411,5669,2.35,2.36,64.7,60.8,2.98,3.1,30.8,34.6,NA,1156,1455,2005,1007,1039,1267,1233,1511,1638
"3661973","Riverhead (hamlet)","Suffolk",185,1270,950,439,617,478,887,325,689,0,138,1026,1481,447,88,81,588,854,315,213,142,13375,16905,16633,16441,12711,9783,0.5,22.5,40.5,36.5,467,8,3180,54.5,2193,37.6,274900,251200,352700,317000,420400,397400,155600,191600,235200,55.9,18,1.4,23.5,0,35544,57772,1388,46.9,4007,1573,68.6,27,13370,14067,4925,5373,2.63,2.53,64.2,60.2,3.19,3.18,30.3,33.4,745,908,1589,1221,549,766,1148,1191,1471,1471
"3663264","Rockville Centre","Nassau",209,176,159,342,549,1072,2128,1087,4024,96,635,570,2494,2177,626,455,936,1139,176,100,54,7786,10899,11766,8916,3510,3579,0.7,24.8,42.5,32,288,3,6598,67.7,2860,29.3,490300,445400,658500,627200,810300,821000,396900,518100,669500,79.4,5.9,2.6,11.1,0,39135,114483,1627,49.9,5923,3777,60.8,38.8,24048,24442,9148,9458,2.6,2.56,67.5,65.9,3.27,3.26,29.4,31.2,1214,1594,1695,1806,768,1178,1277,1597,1780,1916
"3663319","Rocky Point","Suffolk",55,183,455,498,1029,1097,862,415,557,0,188,698,1799,858,221,68,145,307,99,108,0,13375,16905,16633,16441,12711,9783,0.2,32.9,47.8,19,660,12.8,3764,73.1,727,14.1,257200,224000,327000,297600,403900,369500,165100,199200,245700,85.8,1.2,0.6,8.3,0.2,56789,95422,1504,31.8,4575,571,88.8,11.1,14062,12902,4722,4491,2.97,2.86,77.6,72.5,3.39,3.41,19.4,22.6,NA,1054,1633,2130,1100,1065,1372,1322,1750,1595
"3663473","Ronkonkoma","Suffolk",10,151,288,596,2518,1484,505,338,506,11,178,592,2413,1176,414,107,565,360,188,50,5,13375,16905,16633,16441,12711,9783,0.6,30.9,47.5,21,337,5.3,4784,74.8,1275,19.9,325300,289000,379300,339800,436800,385800,204600,240000,277300,74.9,3,6.9,11.2,0.5,53588,100757,1579,35.4,5016,1348,78.4,21,19623,18302,6399,6059,3.06,3.01,78.3,73.9,3.44,3.54,15.7,20.5,1263,1600,1693,1645,1361,1193,1509,1513,1751,1777
"3663506","Roosevelt","Nassau",41,59,286,58,246,510,1414,670,1327,6,35,375,1587,788,336,36,155,200,532,156,86,7786,10899,11766,8916,3510,3579,2.6,26.1,44.6,26.7,319,6.9,3127,67.8,1165,25.3,277300,245400,334300,293400,397200,366600,192300,224100,254500,1.4,57.5,0.4,39.6,0.2,42383,77113,1848,52.3,4015,586,87.1,12.7,16215,16229,4193,4292,3.84,3.75,79.8,79.9,4.1,4.14,13.8,17.7,NA,487,1537,1959,990,983,1507,1563,1973,1983
"3663770","Roslyn","Nassau",0,226,152,46,91,145,476,148,148,20,200,263,98,194,137,30,167,122,59,0,20,7786,10899,11766,8916,3510,3579,0,24.7,43.8,31.5,122,8.5,912,63.7,398,27.8,239600,189300,450800,396200,934600,944600,553500,713400,958000,76.8,0.6,13.2,7.7,0,77500,105000,2524,39.1,607,815,42.4,57,2784,2852,1157,1310,2.17,1.98,54.1,48.6,3,2.84,39.4,45.9,2200,2511,2643,1841,1762,2059,2159,2422,2159,2785
"3663792","Roslyn Estates","Nassau",0,39,0,12,33,49,204,28,78,0,0,7,93,165,131,0,0,0,0,13,0,7786,10899,11766,8916,3510,3579,0,21.5,42.5,35.9,34,7.7,396,89.4,13,2.9,908400,882200,1078800,1146500,1078800,1651800,855200,1085200,1392300,89.5,0.3,9.8,0.3,0,NA,250001,NA,NA,443,0,100,0,1236,1188,383,409,3.23,2.9,90.3,86.3,3.38,3.15,7.3,12.2,NA,NA,NA,NA,1888,NA,2158,NA,2159,NA
"3663803","Roslyn Harbor","Nassau",8,18,0,30,38,80,114,25,55,2,3,7,67,88,147,0,0,6,2,2,2,7786,10899,11766,8916,3510,3579,0,13.2,48.5,38.3,42,11.4,314,85.3,12,3.3,877300,777100,1078800,1081200,1078800,1591700,1427000,2037300,2690200,84.4,0.6,9.9,3.3,0,NA,208750,NA,NA,349,8,94.8,2.1,1072,936,389,326,2.76,2.87,84.6,83.1,3.06,3.21,15.4,15.6,NA,NA,NA,NA,1659,NA,1861,NA,2064,NA
"3664232","Russell Gardens","Nassau",2,0,0,2,14,21,91,59,150,5,9,10,58,112,69,2,39,17,3,0,0,7786,10899,11766,8916,3510,3579,0,19.4,50,30.6,15,4.4,263,77.6,61,18,845800,802700,1068900,1093800,1078800,1399000,762100,941600,1143100,70.2,0,23.8,4.2,0,67083,180625,2000,35.8,245,93,72.3,27.5,831,932,318,324,2.58,2.82,75.8,81.2,2.99,3.18,21.7,16.4,NA,2025,2528,NA,1016,1188,1461,1773,1900,2346
"3664430","Saddle Rock","Nassau",20,32,7,7,5,20,156,12,15,0,0,22,28,54,115,0,0,0,6,3,8,7786,10899,11766,8916,3510,3579,0,16.5,33.9,49.6,38,13.9,219,79.9,17,6.2,1078800,1053400,1078800,1369800,1078800,1707100,884700,1146400,1424700,89.3,2.5,6.5,0.8,0,NA,166875,NA,NA,274,0,100,0,1059,758,311,236,3.41,3.21,83,80.9,3.8,3.52,15.4,12.3,NA,NA,NA,NA,948,NA,2159,NA,2159,NA
"3664452","Sagaponack","Suffolk",1,54,192,141,91,82,4,8,206,0,4,8,14,44,22,0,0,0,8,5,2,13375,16905,16633,16441,12711,9783,0,15.9,41.1,43,672,86.3,92,11.8,15,1.9,1078800,1875000,1078800,2000001,1078800,2000001,567200,890400,1458200,99.2,0,0,0.8,0,NA,197679,NA,NA,770,9,98.8,1.1,256,260,116,107,2.21,2.43,60.3,77.6,2.94,2.76,36.2,21.5,NA,NA,NA,NA,NA,NA,NA,NA,NA,NA
"3664485","Sag Harbor","Suffolk",64,164,245,230,288,152,126,83,608,0,28,157,311,176,48,22,72,84,74,16,5,13375,16905,16633,16441,12711,9783,3.4,15.1,40.3,41.2,967,49.3,720,36.7,273,13.9,669400,859300,1000100,1188900,1078800,1950000,639000,920300,1263500,80.1,3.2,2.7,12.6,0,42321,85117,1868,53,1695,265,86.5,13.5,1943,2184,863,993,2.25,2.16,65.2,49.4,2.63,2.96,24.7,37.6,NA,NA,2023,3250,1330,1507,1670,1771,2006,2172
"3664584","St. James","Suffolk",148,232,371,367,1019,1380,923,97,479,0,237,583,1787,1310,372,20,119,71,154,19,15,13375,16905,16633,16441,12711,9783,0,18.8,47.3,33.9,329,6.6,4289,85.5,398,7.9,381100,359600,476100,447800,629900,592100,273800,332900,416000,86.9,0.3,5.2,6.4,0,53400,109493,1775,39.9,4533,483,90.4,9.7,13013,13155,4457,4687,2.8,2.71,76.5,70.6,3.28,3.3,19.7,25.5,NA,1319,1673,2448,1094,1131,1254,1663,1749,2068
"3664842","Salisbury","Nassau",36,33,55,75,42,345,2743,496,80,0,9,209,1488,1453,340,29,111,21,98,50,0,7786,10899,11766,8916,3510,3579,0,19.4,45.6,35,97,2.5,3499,89.6,309,7.9,384400,376500,468500,451700,569300,560800,263900,310600,387900,66.2,0.9,14.6,17.1,0,34213,118774,1351,47.4,3756,149,96.2,3.7,12312,11753,3902,3808,3.15,3.08,82.4,82.7,3.49,3.43,13.9,15.2,NA,675,NA,2528,372,537,1303,1164,2143,2306
"3664881","Saltaire","Suffolk",4,10,12,68,85,94,41,34,83,0,0,0,0,0,2,0,0,0,0,2,0,13375,16905,16633,16441,12711,9783,0,0,50,50,427,99.1,2,0.5,2,0.5,691100,-666666666,1078800,-666666666,1078800,-666666666,510400,583300,656200,100,0,0,0,0,NA,NA,NA,NA,415,16,96.3,3.7,62,8,29,4,2.14,2,48.3,50,3.36,3,51.7,50,NA,NA,NA,NA,NA,NA,NA,NA,NA,NA
"3665035","Sands Point","Nassau",34,43,75,75,108,142,329,20,197,5,0,12,130,256,476,0,0,26,17,5,20,7786,10899,11766,8916,3510,3579,0,19,48.9,32.1,76,7.4,879,85.9,68,6.6,1078800,1667700,1078800,2000001,1078800,2000001,1198500,1458200,1458200,83.5,1.8,8.8,5.1,0,107941,250001,3167,35.2,979,39,95.7,3.8,2693,2857,893,947,2.98,2.97,86.9,85.9,3.23,3.22,12.4,10.3,NA,NA,3190,NA,1466,2396,1585,2667,2159,2893
"3665409","Sayville","Suffolk",77,245,415,613,734,1474,955,273,1117,0,82,471,1891,1412,358,79,618,496,109,18,13,13375,16905,16633,16441,12711,9783,0.6,21.8,47.2,30.5,356,6,4214,71.4,1333,22.6,370100,352900,463800,435400,605800,544700,244100,303200,386300,90.4,0.8,2.5,4.5,0,63036,110055,1818,34.6,4565,1338,77.4,22.7,16178,16007,5735,5547,2.73,2.79,71.1,74.2,3.31,3.28,23.8,21,1880,1679,2116,1638,1391,1404,1623,1702,1895,1957
"3666047","Sea Cliff","Nassau",0,0,9,31,94,150,240,129,1359,8,25,250,545,353,185,19,193,292,24,15,0,7786,10899,11766,8916,3510,3579,1.6,14.7,52.9,30.8,103,5.1,1366,67.9,543,27,544500,542800,690900,677400,863700,878700,392700,537900,706600,87.2,1.4,0.4,9.1,0,75721,120590,2151,34.1,1553,459,77.1,22.8,4990,5051,1966,1909,2.51,2.61,68.3,75.1,2.99,3.06,24.2,23.3,NA,1754,2292,2500,1258,1575,1533,1867,1889,2450
"3666058","Seaford","Nassau",89,226,172,418,380,677,2253,287,673,7,91,292,2107,1525,478,0,124,63,305,56,35,7786,10899,11766,8916,3510,3579,0.9,24.5,44.1,30.5,92,1.8,4500,87,583,11.3,390400,392700,471400,469700,558700,605200,288700,345600,411900,91.9,0,2.1,5.8,0,105275,127515,2034,23.2,4833,322,93.3,6.2,15527,15113,5210,5083,2.97,2.96,78.1,79.5,3.43,3.3,19.8,16.1,NA,1680,1750,2228,1252,1599,1614,1810,1969,2105
"3666212","Selden","Suffolk",20,292,465,799,1314,2329,1011,281,264,18,69,428,2526,1310,515,96,508,349,285,90,20,13375,16905,16633,16441,12711,9783,1.6,29,44,25.4,561,8.3,4866,71.8,1348,19.9,284800,265900,339000,315200,399900,373400,188100,214100,246300,70.3,4.9,6.8,16.9,0,45074,92780,1782,47.4,5816,959,85.8,14,20474,19770,6426,6214,3.18,3.18,78,77.9,3.6,3.56,16.6,17.8,1680,1502,1804,2356,757,1122,1397,1655,1672,2003
"3666481","Setauket-East Setauket","Suffolk",0,218,786,493,973,1769,669,115,501,10,153,359,1493,1851,579,39,66,107,132,67,9,13375,16905,16633,16441,12711,9783,0.6,19.4,51.2,28.8,659,11.9,4445,80.5,420,7.6,394100,372600,521400,466900,707200,629100,306200,400400,537500,81.5,1.2,9.1,5.7,0.1,59821,142928,1777,35.6,4994,530,90.4,9.7,15069,13442,5184,4865,2.9,2.75,79.7,76.5,3.28,3.15,17.1,19.7,NA,1529,1625,2500,1124,1252,1292,1685,1927,2271
"3667070","Shirley","Suffolk",53,908,920,1595,3100,805,1345,254,170,0,99,693,3634,1878,551,0,99,178,882,231,161,13375,16905,16633,16441,12711,9783,2.5,33.8,46.6,17.1,744,8.1,6855,74.9,1551,17,229700,206600,285100,259900,353000,316800,149500,177900,209000,64,8.7,1.4,24.6,0.1,46005,84296,2088,54.5,9025,125,98.6,1.4,25214,28698,7672,8406,3.23,3.38,82.7,78.8,3.47,3.74,13.8,14.2,NA,1133,1646,2174,1391,1533,1754,1735,1991,1937
"3667191","Shoreham","Suffolk",4,8,9,15,48,33,11,0,66,2,0,5,48,75,27,0,0,0,0,3,2,13375,16905,16633,16441,12711,9783,0,19.1,37,43.8,32,16.5,157,80.9,5,2.6,508800,425500,655500,516800,845900,705500,358300,425400,549000,95.9,0,1.4,2.1,0,NA,141667,NA,NA,191,3,98.4,1.5,519,437,187,162,2.78,2.7,87.7,78.4,2.91,3.09,11.2,18.5,NA,NA,NA,NA,NA,NA,NA,NA,NA,NA
"3667851","Smithtown (hamlet)","Suffolk",88,364,811,925,1804,3280,1537,200,360,9,144,404,2803,3275,1048,133,621,204,166,31,50,13375,16905,16633,16441,12711,9783,0.2,20.3,48,31.5,481,5.1,7683,82,1205,12.9,435000,420200,516900,505300,682900,668000,305300,379300,479600,87.8,1.2,4.8,5.4,0,35625,129926,1448,48.8,8206,1155,87.5,12.3,26241,26298,8518,8888,2.99,2.87,78.3,75,3.43,3.35,18.4,21.9,1366,696,1891,2446,562,612,1305,1367,1723,1915
"3668462","Southampton (village)","Suffolk",184,137,304,674,328,251,413,79,1143,0,0,177,404,303,160,20,39,130,45,46,28,13375,16905,16633,16441,12711,9783,2,15.9,41.9,40.2,2161,61.5,1044,29.7,308,8.8,886500,885700,1078800,1252900,1078800,2000001,351400,560400,1004800,80.7,7.3,1.7,10.2,0,53986,101316,1845,41,3057,456,87,13,3134,3263,1292,1352,2.28,2.22,60.9,59.9,2.86,2.79,35.8,32.9,NA,1193,1772,NA,932,1501,1390,1786,1751,2492
"3669001","South Farmingdale","Nassau",16,9,31,164,251,746,3317,329,215,10,25,283,2681,1293,249,0,35,38,230,42,9,7786,10899,11766,8916,3510,3579,0,21.7,50.5,27.8,183,3.6,4541,89.4,354,7,360000,341100,419300,408500,493200,473900,264400,302000,348700,78.7,0.9,5.1,13.6,0,58710,119429,2282,46.6,4879,199,96.1,3.9,14673,14953,4808,4895,3.05,3.05,84.6,80.1,3.33,3.47,13.3,18.3,NA,NA,2250,2520,1060,1413,1748,1916,2159,2614
"3669023","South Floral Park","Nassau",3,16,15,41,60,76,191,45,140,5,13,85,177,103,77,26,0,33,22,16,5,7786,10899,11766,8916,3510,3579,2,28.1,53.4,16.5,25,4.3,460,78.4,102,17.4,358500,326500,430200,429400,499900,566900,235900,275000,335200,6.8,51,16.9,22.6,0.2,42500,90227,1577,44.5,477,107,81.2,18.2,2060,1986,603,562,3.42,3.53,84.4,75.8,3.65,4.04,11.4,19.6,NA,NA,1728,1900,1183,853,1671,1383,2159,1775
"3669254","South Huntington","Suffolk",0,144,155,64,174,973,1430,337,310,0,0,216,1478,915,228,83,57,162,103,60,0,13375,16905,16633,16441,12711,9783,0.3,21.3,48.5,30,285,7.9,2837,79.1,465,13,380300,352100,469300,424700,609400,559900,269000,330300,440200,76.3,1.7,6.3,15.2,0,68625,108875,1788,31.3,3341,246,93.2,6.9,9367,10000,3329,3302,2.74,2.96,75.1,75.9,3.19,3.34,19.4,16.6,1608,1433,1783,3029,1338,1348,1588,1710,2159,2014
"3671267","Stewart Manor","Nassau",0,8,0,0,24,21,170,119,487,0,0,73,423,206,23,4,6,30,13,0,0,7786,10899,11766,8916,3510,3579,1.8,20.3,39.8,38,51,6.2,725,87.5,53,6.4,461300,481400,540300,592200,679100,702400,337300,412700,504500,74.4,1,5.2,14.7,0,120114,126618,1633,16.3,786,43,94.8,5.2,2288,2191,808,778,2.83,2.82,75.6,79.9,3.29,3.15,19.4,15.3,NA,NA,1693,NA,1500,1446,1742,1633,1965,1816
"3671608","Stony Brook","Suffolk",28,171,232,478,791,2075,545,202,407,0,122,470,1554,1565,414,57,59,30,39,151,26,13375,16905,16633,16441,12711,9783,2.5,17,46.6,34,442,9,4125,83.7,362,7.3,429200,370900,506200,452300,665600,580500,288700,346500,429600,82,1.1,9.6,5.6,0,18710,130202,3197,205,4652,264,94.4,5.4,13459,12641,4803,4487,2.77,2.81,75.4,75.8,3.19,3.17,20.1,20,NA,NA,NA,2287,1279,1551,1652,3052,2159,3408
"3672554","Syosset","Nassau",120,105,109,503,515,824,3566,316,384,9,41,276,2937,1745,677,50,131,50,159,107,34,7786,10899,11766,8916,3510,3579,0.4,23.3,48.1,28.2,226,3.5,5685,88.2,531,8.2,521500,532500,650000,642500,776200,757300,387200,476800,582400,65.5,0.5,27.4,5.1,0.1,66509,159375,2256,40.7,6078,340,94.4,5.3,18959,19559,6171,6216,3.04,3.12,85.1,84.6,3.34,3.46,13.6,14.2,287,NA,2054,2707,375,604,1564,2062,2159,2819
"3673352","Terryville","Suffolk",22,437,398,569,913,998,263,43,244,18,50,161,1261,1164,269,30,171,369,108,112,29,13375,16905,16633,16441,12711,9783,0.1,20.1,50.9,29,145,3.7,2923,75.2,819,21.1,323600,305400,377400,356700,431000,425200,206800,241000,282600,67.8,5.3,2.3,24.4,0,49301,104063,2263,55.1,3298,589,84.9,15.2,11855,12340,3723,3742,3.17,3.28,79.9,80.5,3.56,3.79,17.2,17.8,NA,1416,2581,2296,1107,1369,1816,2076,2159,2490
"3673605","Thomaston","Nassau",0,18,0,53,45,129,259,130,370,0,74,143,243,216,127,5,49,54,28,6,4,7786,10899,11766,8916,3510,3579,0,19.3,52.5,28.2,55,5.5,803,80,146,14.5,599500,461700,837300,808900,1038000,1048500,543900,675900,865900,64.4,1.3,30.9,2.9,0,116750,119485,2303,23.7,624,375,62.2,37.4,2639,2624,1014,949,2.6,2.76,71.8,73.7,3.14,3.3,26.2,23.5,NA,2178,2409,NA,1648,1713,2159,2162,2159,2442
"3676089","Uniondale","Nassau",642,981,165,266,294,566,2590,1780,1204,9,103,1201,1809,1985,475,83,568,783,610,225,113,7786,10899,11766,8916,3510,3579,4,27.2,37,31.8,524,6.2,5582,65.8,2382,28.1,289900,285600,349200,349200,414000,439300,219000,243200,273700,21.3,34.3,3.1,38.4,0.1,46786,80166,1848,47.4,6037,2451,71.1,29,24405,31828,5986,7964,3.96,3.45,78.3,72,4.36,3.94,17.4,22.1,677,1224,1944,2091,616,1126,1187,1677,1866,2600
"3676331","Upper Brookville","Nassau",4,61,52,119,44,119,74,18,93,0,0,7,84,162,205,0,0,11,31,4,0,7786,10899,11766,8916,3510,3579,0,8.5,57.9,33.5,80,13.7,458,78.4,46,7.9,1078800,1319700,1078800,1779400,1078800,2000001,896900,1356600,1458200,71.3,0.4,19.5,5.8,0,44352,211250,1871,50.6,572,12,98,2.1,1428,1607,485,504,2.93,3.18,84.1,87.5,3.2,3.4,14.6,10.1,NA,NA,2688,NA,304,1664,717,1829,1187,1993
"3676705","Valley Stream","Nassau",287,183,82,681,540,986,3549,3055,3357,46,106,1099,4107,3727,783,93,668,736,493,239,19,7786,10899,11766,8916,3510,3579,0.4,28.5,47.4,23.7,604,4.7,9868,77.6,2248,17.7,352100,339200,407500,403400,485200,471500,255900,291300,346600,31,26.2,15.2,22.9,0,64274,104773,1781,33.3,9986,2720,78.6,21.4,37544,37609,11373,12116,3.3,3.1,78.6,80.7,3.8,3.48,17.3,16.7,NA,1245,1854,2197,1051,1216,1434,1637,1811,1956
"3677519","Village of the Branch","Suffolk",3,67,27,94,94,192,140,13,21,0,0,16,175,275,70,39,16,0,0,0,0,13375,16905,16633,16441,12711,9783,0,11.2,54,34.9,60,9.2,536,82.3,55,8.4,454400,434400,535600,529900,683600,651300,339000,427000,534100,93,0.8,3.7,2.2,0,30781,135208,1787,69.7,568,83,87.3,12.8,1831,1770,561,591,3.13,2.93,89.7,77.5,3.34,3.46,10,22,1841,NA,NA,NA,1854,1532,2091,1787,2159,2070
"3678146","Wantagh","Nassau",125,158,138,188,160,699,3061,799,698,0,46,357,2623,2109,355,0,49,87,165,54,0,7786,10899,11766,8916,3510,3579,0.5,23.7,45.9,29.9,181,3,5490,91.1,355,5.9,433600,416400,506700,495900,653200,639500,308600,366000,433700,90.4,0.4,1.6,6.5,0,91406,145193,1893,24.9,5720,299,94.9,4.9,18652,18078,5973,5845,3.12,3.09,83.9,83.2,3.46,3.42,14.1,13.7,NA,1447,2040,2047,1135,1350,1657,1893,1907,2289
"3679246","West Babylon","Suffolk",25,454,604,1042,1862,3738,4365,957,1114,80,409,1010,4416,2980,1130,55,1286,908,749,156,172,13375,16905,16633,16441,12711,9783,0.7,23.8,49.9,25.6,810,5.7,10025,70.8,3326,23.5,313200,299100,371900,348800,426500,398000,207800,240000,275700,66.3,11,3.9,17,0.1,63264,93420,1750,33.2,10707,3423,75.6,24.2,43496,42918,14218,13351,3.01,3.17,76.9,74.4,3.48,3.7,19,21.1,1313,1578,1807,1903,1163,1310,1401,1623,1847,1968
"3679444","Westbury","Nassau",129,235,173,227,504,422,1986,741,806,8,237,430,1433,1284,307,90,419,366,186,102,56,7786,10899,11766,8916,3510,3579,0.8,28.7,39.7,30.8,305,5.8,3699,70.8,1219,23.3,370700,343900,465100,445100,586800,577300,270600,326900,400700,36.2,25,11.5,25.7,0,65125,98065,1838,33.9,3906,1304,74.8,25,15132,15320,4927,4918,3.06,3.1,70.2,71.8,3.65,3.68,24,21.7,1873,1688,1806,2078,1056,1394,1382,1739,1852,2110
"3680181","Westhampton Beach","Suffolk",121,113,230,301,455,328,301,138,373,2,43,102,206,111,68,19,54,60,36,13,7,13375,16905,16633,16441,12711,9783,1.8,18.7,34.1,45.4,1639,69.4,532,22.5,189,8,506000,520600,785500,716200,1078800,983100,295900,444600,639600,80.8,1.7,1.8,13.7,0,44861,102604,1847,49.4,1792,560,75.9,23.8,2061,1653,952,721,2.11,2.25,63.9,59.8,2.59,2.84,32.4,32.2,1683,1419,1912,2266,1410,1327,1615,1525,1945,1873
"3680186","West Hampton Dunes","Suffolk",4,75,50,46,33,46,6,0,5,0,0,0,11,9,8,0,0,0,0,0,0,13375,16905,16633,16441,12711,9783,0,21.4,28.6,50,237,89.4,28,10.6,0,0,1078800,1068200,1078800,-666666666,1078800,2000001,820200,911400,1002500,82.6,2.9,0,5.8,2.9,NA,113750,NA,NA,261,0,98.5,0,39,69,20,28,1.95,2.46,70,92.9,2.21,2.58,20,7.1,NA,NA,NA,NA,NA,NA,NA,NA,NA,NA
"3680225","West Hempstead","Nassau",130,158,42,86,302,514,2150,1381,1315,41,48,431,1976,1769,770,0,114,293,232,51,57,7786,10899,11766,8916,3510,3579,0,24.6,49,26.3,296,4.9,5035,82.8,747,12.3,365100,360900,450300,443700,534700,565300,268000,318300,378100,58.7,11,6.3,21.6,0,78173,116638,1900,29.2,5452,619,89.7,10.2,18565,20116,5912,5782,3.13,3.47,80.7,81.3,3.51,3.81,17,14.1,NA,1750,1630,2199,1111,1471,1393,1748,1859,2035
"3680302","West Islip","Suffolk",19,80,324,392,923,2103,3814,627,416,9,38,520,3493,2975,975,6,42,149,137,91,41,13375,16905,16633,16441,12711,9783,0,24.1,49.9,26,222,2.6,8010,92.1,466,5.4,374700,343700,455700,410600,538200,497300,245400,303300,387900,89.1,0.8,1.2,8.3,0,77692,115513,1734,26.8,8543,141,98.2,1.6,27752,27149,8883,8476,3.07,3.15,82.1,81.1,3.45,3.5,15.4,14.8,NA,1188,1456,2167,1037,1262,1310,1549,1696,2073
"3682117","Williston Park","Nassau",0,36,13,17,45,74,421,512,1551,0,100,299,1050,553,77,33,200,147,114,9,0,7786,10899,11766,8916,3510,3579,0.4,26,43.8,29.7,87,3.3,2079,77.9,503,18.8,444700,447900,510000,535500,641700,651800,318800,374900,425600,75.6,1.8,11.8,8.5,0.3,78399,106813,1832,28,2124,537,79.5,20.1,7285,7294,2580,2582,2.82,2.82,73.7,76.8,3.34,3.3,22.5,21.2,NA,1609,1856,2518,1383,1456,1707,1728,2043,1991
"3682942","Woodmere","Nassau",2,239,168,140,190,1759,1322,340,1236,28,49,224,1002,1721,1410,38,242,173,78,120,55,7786,10899,11766,8916,3510,3579,0.2,33.5,37.2,29.1,256,4.7,4434,82.2,706,13.1,508600,507900,649200,662100,787100,847800,413300,520100,641300,84.8,4.2,2.6,7.5,0,64299,128889,1953,36.4,4698,698,87,12.9,17436,17467,5077,5140,3.36,3.34,82.5,83.5,3.76,3.76,16.8,14.3,NA,1554,1842,2114,1169,1517,1550,1879,2159,2433
"3682986","Woodsburgh","Nassau",7,0,0,8,15,22,73,50,107,0,12,44,14,92,101,0,0,0,2,0,3,7786,10899,11766,8916,3510,3579,0,17.5,42.5,39.9,14,5,263,93.3,5,1.8,487800,621500,1008600,993500,1078800,1483000,935700,1201400,1443800,96.2,0.9,0.7,2.3,0,NA,210833,NA,NA,205,75,72.7,26.6,704,755,259,268,2.72,2.82,81.5,78.4,3.07,3.32,15.8,21.6,NA,NA,NA,NA,1888,NA,2159,NA,2159,NA
"3683294","Wyandanch","Suffolk",92,494,241,252,323,664,647,408,114,0,39,128,652,406,490,0,239,348,168,222,52,13375,16905,16633,16441,12711,9783,2.7,32,40.2,25.2,491,15.2,1715,53,1029,31.8,199900,200400,283600,248700,366700,317000,140000,182100,224400,3,56.9,0.8,35.1,0.9,31513,63750,1496,57,2781,451,86,14,10608,11612,2992,2744,3.53,4.22,80.5,82.7,3.91,4.51,16.4,14.8,NA,1304,1419,1903,1065,1077,1478,1328,1844,1890
"3605929113","Glen Cove","Nassau",NA,NA,NA,NA,NA,NA,NA,NA,NA,NA,NA,NA,NA,NA,NA,NA,NA,NA,NA,NA,NA,7786,10899,11766,8916,3510,3579,4.8,31.2,38.4,25.6,683,6.5,4974,47.5,4818,46,405200,386200,518600,498500,719400,689200,309000,384700,516600,54.3,8.4,5,27.3,0.3,51297,78066,1768,41.4,NA,NA,NA,NA,27047,27226,9445,9792,2.78,2.7,67.9,67.5,3.32,3.28,26,26.7,NA,1541,1642,2241,1038,1256,1530,1591,2017,1977
"3605934000","Hempstead (town)","Nassau",NA,NA,NA,NA,NA,NA,NA,NA,NA,NA,NA,NA,NA,NA,NA,NA,NA,NA,NA,NA,NA,7786,10899,11766,8916,3510,3579,0.9,25.3,44.8,28.9,12518,4.9,196963,77,46469,18.2,361500,341300,451800,436500,574700,582500,263400,323000,414400,54.8,16.5,5.9,20.5,0.1,52370,107095,1646,37.7,NA,NA,NA,NA,761975,768057,242848,243432,3.09,3.11,77.8,77.8,3.53,3.55,18.9,18.8,976,1309,1699,2061,1018,1081,1409,1503,1878,1959
"3605943335","Long Beach","Nassau",NA,NA,NA,NA,NA,NA,NA,NA,NA,NA,NA,NA,NA,NA,NA,NA,NA,NA,NA,NA,NA,7786,10899,11766,8916,3510,3579,2.1,29.4,42.9,25.7,2126,12.9,8123,49.3,6243,37.9,394200,343900,516600,478800,698700,663400,255500,321800,413800,74.1,6.6,3.3,13.5,0.1,72759,93722,1842,30.4,NA,NA,NA,NA,33407,33509,14430,14366,2.23,2.26,50.8,54.6,3.08,3.04,39.5,37.9,1337,1667,2111,2412,1159,1258,1640,1729,2073,2321
"3605953000","North Hempstead","Nassau",NA,NA,NA,NA,NA,NA,NA,NA,NA,NA,NA,NA,NA,NA,NA,NA,NA,NA,NA,NA,NA,7786,10899,11766,8916,3510,3579,0.7,24.7,42.3,32.4,4633,5.6,60825,73.9,16813,20.4,471700,465400,674100,686800,974600,994800,356700,516300,835800,59.5,5.8,18.3,14.3,0.1,68115,117750,1823,32.1,NA,NA,NA,NA,227029,230241,76856,77638,2.92,2.93,75.7,76.2,3.42,3.43,21.4,21.1,1551,1553,1892,2229,1070,1200,1589,1729,2158,2270
"3605956000","Oyster Bay","Nassau",NA,NA,NA,NA,NA,NA,NA,NA,NA,NA,NA,NA,NA,NA,NA,NA,NA,NA,NA,NA,NA,7786,10899,11766,8916,3510,3579,0.5,22,46.6,30.9,6358,6,88416,82.9,11873,11.1,408400,404200,513400,498200,720800,696500,300100,378800,526400,76.3,2.2,11.7,7.9,0.1,61720,124828,1959,38.1,NA,NA,NA,NA,294307,297531,98376,100289,2.94,2.92,79.6,78.8,3.34,3.34,17.2,18.5,859,1573,1962,2265,1086,1177,1586,1810,2098,2363
"3610304000","Babylon (town)","Suffolk",NA,NA,NA,NA,NA,NA,NA,NA,NA,NA,NA,NA,NA,NA,NA,NA,NA,NA,NA,NA,NA,13375,16905,16633,16441,12711,9783,0.7,25.4,48.4,25.5,5104,7.2,49831,70.4,15867,22.4,317300,292500,379700,350000,451800,411500,206900,244400,288400,56.2,16.2,3.4,21.7,0.1,51771,89736,1626,37.7,NA,NA,NA,NA,213805,211562,70030,65698,3.02,3.19,74.5,73.2,3.53,3.74,21.3,22,1159,1423,1731,1882,1119,1154,1404,1469,1842,1865
"3610310000","Brookhaven","Suffolk",NA,NA,NA,NA,NA,NA,NA,NA,NA,NA,NA,NA,NA,NA,NA,NA,NA,NA,NA,NA,NA,13375,16905,16633,16441,12711,9783,1.1,26.1,45.6,27.2,15170,8.6,126474,72,34128,19.4,280500,261800,366000,338800,465600,427800,188300,232000,297200,72.5,5.5,4.5,15.6,0.2,49959,92569,1736,41.7,NA,NA,NA,NA,486868,484671,162093,160602,2.91,2.93,75.1,72,3.38,3.49,20.2,23.1,1180,1405,1864,2133,1156,1176,1500,1574,1920,1941
"3610322194","East Hampton (town)","Suffolk",NA,NA,NA,NA,NA,NA,NA,NA,NA,NA,NA,NA,NA,NA,NA,NA,NA,NA,NA,NA,NA,13375,16905,16633,16441,12711,9783,0.6,19.1,42.3,38,13029,59.1,7563,34.3,1443,6.5,626800,606500,892000,850000,1078800,1205400,311500,427700,656800,74.6,2.5,2,19.8,0.2,45114,97351,1867,49.7,NA,NA,NA,NA,21595,21903,9121,9006,2.35,2.41,63,65.9,2.96,2.93,29.4,27.6,NA,666,2066,2153,890,979,1563,1713,2145,2103
"3610337000","Huntington (town)","Suffolk",NA,NA,NA,NA,NA,NA,NA,NA,NA,NA,NA,NA,NA,NA,NA,NA,NA,NA,NA,NA,NA,13375,16905,16633,16441,12711,9783,0.4,20.8,49.5,29.4,6780,9,58764,78.2,9590,12.8,423000,410300,545600,541800,784600,732200,301000,405200,572200,76,3.8,5.7,12.8,0,53784,117992,1818,40.6,NA,NA,NA,NA,203447,202673,68896,68354,2.91,2.93,77.4,76.5,3.34,3.35,19.1,19.6,1485,1373,1848,2283,1083,1159,1516,1665,2039,2168
"3610338000","Islip (town)","Suffolk",NA,NA,NA,NA,NA,NA,NA,NA,NA,NA,NA,NA,NA,NA,NA,NA,NA,NA,NA,NA,NA,13375,16905,16633,16441,12711,9783,0.7,26.8,47.8,24.7,9866,9.1,76548,70.6,22078,20.3,308100,283500,388600,356800,489700,449000,202400,247500,321800,55,9.2,2.6,31.3,0.1,51547,94325,1675,39,NA,NA,NA,NA,335916,332862,103136,98626,3.22,3.34,77,75.9,3.65,3.81,18.9,19.7,1157,1494,1746,1882,1072,1159,1459,1553,1837,1888
"3610361984","Riverhead (town)","Suffolk",NA,NA,NA,NA,NA,NA,NA,NA,NA,NA,NA,NA,NA,NA,NA,NA,NA,NA,NA,NA,NA,13375,16905,16633,16441,12711,9783,0.2,20.2,40.7,38.9,3389,20.3,10394,62.2,2929,17.5,281700,234500,390500,358200,503900,481800,188100,242100,339200,73.4,10.4,1.6,13.8,0,41758,72134,1421,40.8,NA,NA,NA,NA,33513,33625,12852,13323,2.56,2.47,69.8,64.7,3.04,3.06,25.9,29.9,1078,1046,1610,1434,586,907,1197,1230,1543,1683
"3610366839","Shelter Island","Suffolk",NA,NA,NA,NA,NA,NA,NA,NA,NA,NA,NA,NA,NA,NA,NA,NA,NA,NA,NA,NA,NA,13375,16905,16633,16441,12711,9783,0,15.8,39.5,44.7,2063,63.1,1036,31.7,169,5.2,576700,662500,773200,844200,1078800,1011100,298800,416900,597700,89.9,0,0.8,6.2,0,78812,108125,2022,30.8,NA,NA,NA,NA,2477,2744,996,1205,2.47,2.25,80.6,68.2,2.76,2.65,17.1,29.2,NA,NA,NA,NA,679,1172,1137,1607,1650,1804
"3610368000","Smithtown (town)","Suffolk",NA,NA,NA,NA,NA,NA,NA,NA,NA,NA,NA,NA,NA,NA,NA,NA,NA,NA,NA,NA,NA,13375,16905,16633,16441,12711,9783,0.2,20.6,48.1,31.1,2502,5.9,35683,83.7,4431,10.4,416000,403800,502200,475900,664400,632100,296300,362200,451900,87.1,1.2,4.5,5.9,0,49571,123217,1734,42,NA,NA,NA,NA,118057,117031,39152,40114,2.96,2.87,80,76.8,3.37,3.33,17.3,20.3,1404,1438,1864,2239,1046,1155,1412,1570,1876,2032
"3610368473","Southampton (town)","Suffolk",NA,NA,NA,NA,NA,NA,NA,NA,NA,NA,NA,NA,NA,NA,NA,NA,NA,NA,NA,NA,NA,13375,16905,16633,16441,12711,9783,1.3,20.8,43.1,34.8,22335,51,16703,38.1,4788,10.9,402600,413300,635900,653800,1022700,984300,236500,357800,581200,71,5.2,2.3,19.8,0.1,49505,89199,1792,43.4,NA,NA,NA,NA,57180,57975,21528,21491,2.48,2.55,67.1,65,2.97,3.09,26.8,28.9,1431,1558,1709,2127,1098,1223,1501,1615,1971,1968
"3610369463","Southold","Suffolk",NA,NA,NA,NA,NA,NA,NA,NA,NA,NA,NA,NA,NA,NA,NA,NA,NA,NA,NA,NA,NA,13375,16905,16633,16441,12711,9783,1.7,16.2,39.4,42.8,6914,42.6,7706,47.4,1627,10,422000,422800,531300,565200,758200,747100,247000,318500,431900,87.2,2.2,0.6,9,0,42822,80715,1408,39.5,NA,NA,NA,NA,22035,22147,9242,9333,2.35,2.33,68.5,67.2,2.8,2.82,26.2,28.8,NA,1269,1454,1367,973,1065,1334,1291,1795,1599
